Report Year,Diposal Ton,County
1995.0,1623266.99,San Bernardino
1996.0,1652495.58,San Bernardino
1997.0,1603700.6,San Bernardino
1998.0,1682447.54,San Bernardino
1999.0,1679816.31,San Bernardino
2000.0,1762385.98,San Bernardino
2001.0,1888556.78,San Bernardino
2002.0,1931424.51,San Bernardino
2003.0,2107128.88,San Bernardino
2004.0,2235251.83,San Bernardino
2005.0,2349002.83,San Bernardino
2006.0,2292245.48,San Bernardino
2007.0,2171711.06,San Bernardino
2008.0,1943398.93,San Bernardino
2009.0,1609726.05,San Bernardino
2010.0,1591512.22,San Bernardino
2011.0,1555110.15,San Bernardino
2012.0,1492333.67,San Bernardino
2013.0,1571158.05,San Bernardino
2014.0,1589490.38,San Bernardino
2015.0,1670832.88,San Bernardino
2016.0,1728326.52,San Bernardino
2017.0,1850456.16,San Bernardino
2018.0,1938900.18,San Bernardino
2019.0,1978070.48,San Bernardino
1995.0,45111.16,Tehama
1996.0,46528.55,Tehama
1997.0,49182.76,Tehama
1998.0,43697.59,Tehama
1999.0,42786.81,Tehama
2000.0,44538.78,Tehama
2001.0,44892.98,Tehama
2002.0,48853.16,Tehama
2003.0,52666.53,Tehama
2004.0,51670.35,Tehama
2005.0,55546.41,Tehama
2006.0,54648.64,Tehama
2007.0,48038.81,Tehama
2008.0,44438.3,Tehama
2009.0,41593.54,Tehama
2010.0,67376.14,Tehama
2011.0,204634.17,Tehama
2012.0,41905.92,Tehama
2013.0,45324.38,Tehama
2014.0,47692.02,Tehama
2015.0,50252.25,Tehama
2016.0,61476.21,Tehama
2017.0,61808.91,Tehama
2018.0,59132.46,Tehama
2019.0,66278.44,Tehama
1995.0,641.0,Modoc
1996.0,,Modoc
1997.0,6.91,Modoc
1998.0,,Modoc
1999.0,,Modoc
2000.0,72.0,Modoc
2001.0,,Modoc
2002.0,,Modoc
2003.0,,Modoc
2004.0,2.27,Modoc
2005.0,,Modoc
2006.0,,Modoc
2007.0,,Modoc
2008.0,,Modoc
2009.0,18.58,Modoc
2010.0,,Modoc
2011.0,15.19,Modoc
2012.0,107.91,Modoc
2013.0,17.14,Modoc
2014.0,4.23,Modoc
2015.0,2.4,Modoc
2016.0,5.26,Modoc
2017.0,18.29,Modoc
2018.0,60.61,Modoc
2019.0,11537.13,Modoc
1995.0,38022.1,San Benito
1996.0,22982.88,San Benito
1997.0,34273.5,San Benito
1998.0,56821.52,San Benito
1999.0,70609.45,San Benito
2000.0,66434.16,San Benito
2001.0,64537.44,San Benito
2002.0,60232.15,San Benito
2003.0,65500.81,San Benito
2004.0,62117.58,San Benito
2005.0,59804.25,San Benito
2006.0,59444.48,San Benito
2007.0,55684.12,San Benito
2008.0,48794.94,San Benito
2009.0,49909.49,San Benito
2010.0,52729.01,San Benito
2011.0,52459.01,San Benito
2012.0,55803.38,San Benito
2013.0,54190.84,San Benito
2014.0,50505.18,San Benito
2015.0,72448.88,San Benito
2016.0,74475.25,San Benito
2017.0,80251.56,San Benito
2018.0,86457.14,San Benito
2019.0,88184.37,San Benito
1995.0,462270.29,Santa Barbara
1996.0,448837.07,Santa Barbara
1997.0,455561.87,Santa Barbara
1998.0,464741.7,Santa Barbara
1999.0,451255.37,Santa Barbara
2000.0,446328.88,Santa Barbara
2001.0,622868.1,Santa Barbara
2002.0,505393.35,Santa Barbara
2003.0,541545.8,Santa Barbara
2004.0,559084.38,Santa Barbara
2005.0,493219.95,Santa Barbara
2006.0,442103.02,Santa Barbara
2007.0,427429.73,Santa Barbara
2008.0,422605.03,Santa Barbara
2009.0,362935.47,Santa Barbara
2010.0,339739.77,Santa Barbara
2011.0,329227.2,Santa Barbara
2012.0,335185.84,Santa Barbara
2013.0,362229.03,Santa Barbara
2014.0,353131.21,Santa Barbara
2015.0,388220.85,Santa Barbara
2016.0,415705.68,Santa Barbara
2017.0,417420.87,Santa Barbara
2018.0,455075.02,Santa Barbara
2019.0,435073.91,Santa Barbara
1995.0,166421.5,Yolo
1996.0,169870.44,Yolo
1997.0,158375.4,Yolo
1998.0,164535.18,Yolo
1999.0,173187.51,Yolo
2000.0,174755.11,Yolo
2001.0,185412.5,Yolo
2002.0,187667.02,Yolo
2003.0,201403.25,Yolo
2004.0,211737.46,Yolo
2005.0,220110.81,Yolo
2006.0,208364.11,Yolo
2007.0,198429.53,Yolo
2008.0,185050.31,Yolo
2009.0,160955.81,Yolo
2010.0,159845.53,Yolo
2011.0,148232.59,Yolo
2012.0,152387.1,Yolo
2013.0,156528.51,Yolo
2014.0,170524.89,Yolo
2015.0,169242.78,Yolo
2016.0,178641.2,Yolo
2017.0,188960.55,Yolo
2018.0,195258.12,Yolo
2019.0,192255.23,Yolo
1995.0,427905.5,Sonoma
1996.0,443190.98,Sonoma
1997.0,482991.48,Sonoma
1998.0,513145.63,Sonoma
1999.0,516442.71,Sonoma
2000.0,531409.29,Sonoma
2001.0,543029.49,Sonoma
2002.0,538144.06,Sonoma
2003.0,544756.34,Sonoma
2004.0,545535.79,Sonoma
2005.0,532281.19,Sonoma
2006.0,499060.77,Sonoma
2007.0,445428.21,Sonoma
2008.0,400310.63,Sonoma
2009.0,351715.35,Sonoma
2010.0,362763.18,Sonoma
2011.0,326937.19,Sonoma
2012.0,307763.99,Sonoma
2013.0,322066.71,Sonoma
2014.0,326267.14,Sonoma
2015.0,388362.5,Sonoma
2016.0,427352.92,Sonoma
2017.0,948776.88,Sonoma
2018.0,1245678.97,Sonoma
2019.0,472841.01,Sonoma
1995.0,20976.56,Tuolumne
1996.0,230.4,Tuolumne
1997.0,886.16,Tuolumne
1998.0,1197.01,Tuolumne
1999.0,2096.73,Tuolumne
2000.0,1404.87,Tuolumne
2001.0,2375.61,Tuolumne
2002.0,9137.96,Tuolumne
2003.0,43176.43,Tuolumne
2004.0,49845.23,Tuolumne
2005.0,49302.83,Tuolumne
2006.0,49027.1,Tuolumne
2007.0,48453.02,Tuolumne
2008.0,43291.76,Tuolumne
2009.0,40617.06,Tuolumne
2010.0,40055.71,Tuolumne
2011.0,37695.26,Tuolumne
2012.0,35480.65,Tuolumne
2013.0,37167.14,Tuolumne
2014.0,35498.64,Tuolumne
2015.0,37022.26,Tuolumne
2016.0,42223.46,Tuolumne
2017.0,45119.88,Tuolumne
2018.0,45826.26,Tuolumne
2019.0,46559.93,Tuolumne
1995.0,792571.27,San Mateo
1996.0,878734.93,San Mateo
1997.0,835220.95,San Mateo
1998.0,893690.81,San Mateo
1999.0,883753.23,San Mateo
2000.0,911601.44,San Mateo
2001.0,883177.28,San Mateo
2002.0,808867.04,San Mateo
2003.0,747374.02,San Mateo
2004.0,744158.28,San Mateo
2005.0,760943.5,San Mateo
2006.0,722542.79,San Mateo
2007.0,677036.66,San Mateo
2008.0,655537.5,San Mateo
2009.0,586003.27,San Mateo
2010.0,557625.81,San Mateo
2011.0,518257.97,San Mateo
2012.0,530811.86,San Mateo
2013.0,543722.63,San Mateo
2014.0,550663.05,San Mateo
2015.0,583989.7,San Mateo
2016.0,597070.92,San Mateo
2017.0,612396.85,San Mateo
2018.0,598840.14,San Mateo
2019.0,623371.35,San Mateo
1995.0,420966.24,Monterey
1996.0,402830.17,Monterey
1997.0,412596.08,Monterey
1998.0,432025.95,Monterey
1999.0,429406.56,Monterey
2000.0,422302.12,Monterey
2001.0,421176.42,Monterey
2002.0,424477.27,Monterey
2003.0,426125.77,Monterey
2004.0,447085.97,Monterey
2005.0,468708.26,Monterey
2006.0,448090.95,Monterey
2007.0,416300.49,Monterey
2008.0,387386.57,Monterey
2009.0,351205.0,Monterey
2010.0,344983.14,Monterey
2011.0,326933.83,Monterey
2012.0,326003.19,Monterey
2013.0,339611.11,Monterey
2014.0,348283.01,Monterey
2015.0,365031.05,Monterey
2016.0,406045.04,Monterey
2017.0,445145.77,Monterey
2018.0,454561.78,Monterey
2019.0,516537.48,Monterey
1995.0,858.0,Alpine
1996.0,794.0,Alpine
1997.0,808.0,Alpine
1998.0,856.0,Alpine
1999.0,1487.6,Alpine
2000.0,745.0,Alpine
2001.0,728.0,Alpine
2002.0,1155.29,Alpine
2003.0,2742.1,Alpine
2004.0,1940.48,Alpine
2005.0,1911.5,Alpine
2006.0,2280.43,Alpine
2007.0,2503.8,Alpine
2008.0,2146.22,Alpine
2009.0,1301.4,Alpine
2010.0,1190.93,Alpine
2011.0,1356.18,Alpine
2012.0,1268.69,Alpine
2013.0,1239.15,Alpine
2014.0,1061.34,Alpine
2015.0,909.33,Alpine
2016.0,750.57,Alpine
2017.0,386.71,Alpine
2018.0,566.91,Alpine
2019.0,566.18,Alpine
1995.0,331129.0,Solano
1996.0,308523.03,Solano
1997.0,316862.6,Solano
1998.0,283895.09,Solano
1999.0,288482.77,Solano
2000.0,353832.4,Solano
2001.0,412885.1,Solano
2002.0,424597.5,Solano
2003.0,456710.49,Solano
2004.0,464464.21,Solano
2005.0,456150.6,Solano
2006.0,465661.79,Solano
2007.0,421837.87,Solano
2008.0,388312.79,Solano
2009.0,339322.32,Solano
2010.0,327992.23,Solano
2011.0,312759.52,Solano
2012.0,307847.84,Solano
2013.0,323276.45,Solano
2014.0,331940.8,Solano
2015.0,351731.47,Solano
2016.0,430608.57,Solano
2017.0,472685.59,Solano
2018.0,442008.48,Solano
2019.0,437553.11,Solano
1995.0,672261.97,Fresno
1996.0,687689.79,Fresno
1997.0,685681.38,Fresno
1998.0,728581.77,Fresno
1999.0,745957.2,Fresno
2000.0,763968.5,Fresno
2001.0,733055.43,Fresno
2002.0,773230.19,Fresno
2003.0,945195.61,Fresno
2004.0,877489.51,Fresno
2005.0,873200.31,Fresno
2006.0,877836.43,Fresno
2007.0,1101638.4,Fresno
2008.0,859223.52,Fresno
2009.0,678890.74,Fresno
2010.0,684548.02,Fresno
2011.0,677032.37,Fresno
2012.0,654835.82,Fresno
2013.0,689001.35,Fresno
2014.0,718490.89,Fresno
2015.0,765405.56,Fresno
2016.0,835765.63,Fresno
2017.0,854067.62,Fresno
2018.0,879889.39,Fresno
2019.0,964982.11,Fresno
1995.0,316726.7,Tulare
1996.0,291016.6,Tulare
1997.0,290269.61,Tulare
1998.0,302235.55,Tulare
1999.0,317662.48,Tulare
2000.0,324877.46,Tulare
2001.0,321266.8,Tulare
2002.0,334878.36,Tulare
2003.0,361310.1,Tulare
2004.0,384676.32,Tulare
2005.0,436935.69,Tulare
2006.0,432089.02,Tulare
2007.0,395371.85,Tulare
2008.0,354404.17,Tulare
2009.0,319190.04,Tulare
2010.0,311870.94,Tulare
2011.0,311982.44,Tulare
2012.0,307910.38,Tulare
2013.0,314520.55,Tulare
2014.0,330722.3,Tulare
2015.0,345785.53,Tulare
2016.0,374898.1,Tulare
2017.0,439237.04,Tulare
2018.0,423906.9,Tulare
2019.0,446633.6,Tulare
1995.0,222265.54,Marin
1996.0,222904.43,Marin
1997.0,208442.22,Marin
1998.0,308672.21,Marin
1999.0,239643.02,Marin
2000.0,216211.18,Marin
2001.0,236557.6,Marin
2002.0,227375.04,Marin
2003.0,228782.87,Marin
2004.0,225028.46,Marin
2005.0,237145.85,Marin
2006.0,243037.75,Marin
2007.0,229271.18,Marin
2008.0,210849.43,Marin
2009.0,179919.32,Marin
2010.0,180106.09,Marin
2011.0,174514.28,Marin
2012.0,180704.22,Marin
2013.0,184470.54,Marin
2014.0,177022.31,Marin
2015.0,188106.43,Marin
2016.0,223071.2,Marin
2017.0,231661.88,Marin
2018.0,250465.71,Marin
2019.0,241254.45,Marin
1995.0,5984.65,Trinity
1996.0,5027.92,Trinity
1997.0,3379.0,Trinity
1998.0,4569.92,Trinity
1999.0,5386.83,Trinity
2000.0,5979.43,Trinity
2001.0,6120.83,Trinity
2002.0,6892.05,Trinity
2003.0,7247.18,Trinity
2004.0,7389.0,Trinity
2005.0,7663.0,Trinity
2006.0,8370.53,Trinity
2007.0,8060.22,Trinity
2008.0,8016.73,Trinity
2009.0,7683.0,Trinity
2010.0,7383.6,Trinity
2011.0,7741.88,Trinity
2012.0,7473.19,Trinity
2013.0,8294.18,Trinity
2014.0,7515.39,Trinity
2015.0,9529.34,Trinity
2016.0,9751.49,Trinity
2017.0,28012.22,Trinity
2018.0,7633.0,Trinity
2019.0,8752.43,Trinity
1995.0,86170.0,Humboldt
1996.0,90452.97,Humboldt
1997.0,100430.76,Humboldt
1998.0,88057.55,Humboldt
1999.0,34832.44,Humboldt
2000.0,12577.48,Humboldt
2001.0,9428.74,Humboldt
2002.0,16776.21,Humboldt
2003.0,50636.17,Humboldt
2004.0,67266.52,Humboldt
2005.0,80493.55,Humboldt
2006.0,79730.56,Humboldt
2007.0,77741.59,Humboldt
2008.0,69300.78,Humboldt
2009.0,72032.76,Humboldt
2010.0,64615.59,Humboldt
2011.0,62924.24,Humboldt
2012.0,58629.6,Humboldt
2013.0,58983.29,Humboldt
2014.0,54381.8,Humboldt
2015.0,61044.27,Humboldt
2016.0,72498.15,Humboldt
2017.0,65795.21,Humboldt
2018.0,27242.27,Humboldt
2019.0,23039.6,Humboldt
1995.0,27399.7,Calaveras
1996.0,27893.1,Calaveras
1997.0,25881.47,Calaveras
1998.0,27337.0,Calaveras
1999.0,30291.5,Calaveras
2000.0,34110.44,Calaveras
2001.0,35812.22,Calaveras
2002.0,39106.35,Calaveras
2003.0,45337.4,Calaveras
2004.0,48831.29,Calaveras
2005.0,53195.31,Calaveras
2006.0,49476.53,Calaveras
2007.0,49488.57,Calaveras
2008.0,39706.27,Calaveras
2009.0,34121.28,Calaveras
2010.0,36446.62,Calaveras
2011.0,35423.59,Calaveras
2012.0,32695.09,Calaveras
2013.0,32025.87,Calaveras
2014.0,31741.23,Calaveras
2015.0,57038.54,Calaveras
2016.0,142755.94,Calaveras
2017.0,37393.33,Calaveras
2018.0,39863.54,Calaveras
2019.0,35660.9,Calaveras
1995.0,12856.1,Inyo
1996.0,10490.1,Inyo
1997.0,18319.9,Inyo
1998.0,17330.8,Inyo
1999.0,13446.41,Inyo
2000.0,16279.46,Inyo
2001.0,17632.01,Inyo
2002.0,18978.72,Inyo
2003.0,15034.06,Inyo
2004.0,13158.82,Inyo
2005.0,19973.61,Inyo
2006.0,18596.58,Inyo
2007.0,18567.76,Inyo
2008.0,16126.6,Inyo
2009.0,17607.38,Inyo
2010.0,24661.15,Inyo
2011.0,25627.42,Inyo
2012.0,20397.11,Inyo
2013.0,19426.51,Inyo
2014.0,16994.08,Inyo
2015.0,16816.15,Inyo
2016.0,19636.89,Inyo
2017.0,20815.9,Inyo
2018.0,20887.42,Inyo
2019.0,18035.53,Inyo
1995.0,98582.9,Kings
1996.0,96057.64,Kings
1997.0,93388.24,Kings
1998.0,104046.55,Kings
1999.0,97437.23,Kings
2000.0,93873.35,Kings
2001.0,97316.36,Kings
2002.0,101497.68,Kings
2003.0,106237.72,Kings
2004.0,109198.2,Kings
2005.0,127358.08,Kings
2006.0,123428.2,Kings
2007.0,120655.37,Kings
2008.0,108334.92,Kings
2009.0,98501.63,Kings
2010.0,96728.43,Kings
2011.0,101081.8,Kings
2012.0,94750.33,Kings
2013.0,81871.38,Kings
2014.0,95219.91,Kings
2015.0,95858.73,Kings
2016.0,100253.25,Kings
2017.0,107610.53,Kings
2018.0,108805.04,Kings
2019.0,115397.98,Kings
1995.0,21168.48,Amador
1996.0,20323.03,Amador
1997.0,32463.34,Amador
1998.0,41808.41,Amador
1999.0,31524.95,Amador
2000.0,41059.9,Amador
2001.0,38798.99,Amador
2002.0,39287.99,Amador
2003.0,43420.22,Amador
2004.0,40005.59,Amador
2005.0,53650.79,Amador
2006.0,47717.35,Amador
2007.0,41209.97,Amador
2008.0,35694.95,Amador
2009.0,35134.5,Amador
2010.0,32010.01,Amador
2011.0,30471.43,Amador
2012.0,27455.56,Amador
2013.0,28787.17,Amador
2014.0,27624.29,Amador
2015.0,31240.35,Amador
2016.0,31807.79,Amador
2017.0,37132.06,Amador
2018.0,37919.99,Amador
2019.0,35768.39,Amador
1995.0,655834.41,Kern
1996.0,651922.69,Kern
1997.0,636906.63,Kern
1998.0,675452.53,Kern
1999.0,684416.88,Kern
2000.0,669585.71,Kern
2001.0,689430.43,Kern
2002.0,705725.7,Kern
2003.0,858946.03,Kern
2004.0,831363.23,Kern
2005.0,859324.29,Kern
2006.0,880027.39,Kern
2007.0,865305.61,Kern
2008.0,794911.34,Kern
2009.0,752752.16,Kern
2010.0,753447.27,Kern
2011.0,757014.43,Kern
2012.0,777434.08,Kern
2013.0,759117.23,Kern
2014.0,787137.62,Kern
2015.0,858872.99,Kern
2016.0,938463.36,Kern
2017.0,985249.96,Kern
2018.0,1036037.57,Kern
2019.0,1086243.73,Kern
1995.0,213818.34,San Luis Obispo
1996.0,202352.33,San Luis Obispo
1997.0,212068.52,San Luis Obispo
1998.0,235123.42,San Luis Obispo
1999.0,244287.43,San Luis Obispo
2000.0,257335.62,San Luis Obispo
2001.0,293688.22,San Luis Obispo
2002.0,271239.39,San Luis Obispo
2003.0,284651.36,San Luis Obispo
2004.0,287765.77,San Luis Obispo
2005.0,289226.93,San Luis Obispo
2006.0,274419.76,San Luis Obispo
2007.0,263871.57,San Luis Obispo
2008.0,236892.0,San Luis Obispo
2009.0,231439.04,San Luis Obispo
2010.0,226987.06,San Luis Obispo
2011.0,228975.65,San Luis Obispo
2012.0,215344.52,San Luis Obispo
2013.0,234917.78,San Luis Obispo
2014.0,243378.01,San Luis Obispo
2015.0,255724.73,San Luis Obispo
2016.0,299713.14,San Luis Obispo
2017.0,310405.29,San Luis Obispo
2018.0,290200.69,San Luis Obispo
2019.0,288432.48,San Luis Obispo
1995.0,47474.36,Mendocino
1996.0,48834.97,Mendocino
1997.0,53913.94,Mendocino
1998.0,57716.29,Mendocino
1999.0,62070.6,Mendocino
2000.0,59580.17,Mendocino
2001.0,60053.43,Mendocino
2002.0,67604.11,Mendocino
2003.0,72256.08,Mendocino
2004.0,78924.95,Mendocino
2005.0,73069.75,Mendocino
2006.0,82144.35,Mendocino
2007.0,72550.56,Mendocino
2008.0,65401.13,Mendocino
2009.0,52476.78,Mendocino
2010.0,48519.59,Mendocino
2011.0,50934.01,Mendocino
2012.0,51224.14,Mendocino
2013.0,56428.99,Mendocino
2014.0,55097.79,Mendocino
2015.0,65688.07,Mendocino
2016.0,62372.16,Mendocino
2017.0,91985.27,Mendocino
2018.0,122166.7,Mendocino
2019.0,48914.65,Mendocino
1995.0,793561.92,Ventura
1996.0,773010.09,Ventura
1997.0,783125.17,Ventura
1998.0,856189.31,Ventura
1999.0,863738.5,Ventura
2000.0,892546.33,Ventura
2001.0,901154.1,Ventura
2002.0,924045.94,Ventura
2003.0,972890.08,Ventura
2004.0,1038354.71,Ventura
2005.0,1077746.64,Ventura
2006.0,1030471.45,Ventura
2007.0,959962.59,Ventura
2008.0,869250.02,Ventura
2009.0,783285.17,Ventura
2010.0,778313.49,Ventura
2011.0,769624.5,Ventura
2012.0,774173.26,Ventura
2013.0,793453.88,Ventura
2014.0,804930.55,Ventura
2015.0,851242.59,Ventura
2016.0,866500.73,Ventura
2017.0,922012.68,Ventura
2018.0,1195379.71,Ventura
2019.0,1003051.31,Ventura
1995.0,17379.32,Lassen
1996.0,16194.42,Lassen
1997.0,14466.92,Lassen
1998.0,14868.16,Lassen
1999.0,13871.76,Lassen
2000.0,11491.16,Lassen
2001.0,12699.22,Lassen
2002.0,20993.16,Lassen
2003.0,24451.9,Lassen
2004.0,24618.68,Lassen
2005.0,24382.81,Lassen
2006.0,25152.27,Lassen
2007.0,21404.4,Lassen
2008.0,22155.09,Lassen
2009.0,20609.03,Lassen
2010.0,19887.42,Lassen
2011.0,19815.53,Lassen
2012.0,17978.85,Lassen
2013.0,18116.18,Lassen
2014.0,19859.51,Lassen
2015.0,20780.86,Lassen
2016.0,19875.82,Lassen
2017.0,21098.71,Lassen
2018.0,20759.04,Lassen
2019.0,22338.23,Lassen
1995.0,73826.0,El Dorado
1996.0,71920.42,El Dorado
1997.0,14044.92,El Dorado
1998.0,4500.98,El Dorado
1999.0,5601.6,El Dorado
2000.0,5319.03,El Dorado
2001.0,6828.16,El Dorado
2002.0,10513.59,El Dorado
2003.0,17139.21,El Dorado
2004.0,37985.31,El Dorado
2005.0,61386.17,El Dorado
2006.0,85060.11,El Dorado
2007.0,104112.36,El Dorado
2008.0,116471.87,El Dorado
2009.0,96471.59,El Dorado
2010.0,87374.28,El Dorado
2011.0,91100.75,El Dorado
2012.0,91232.53,El Dorado
2013.0,94553.21,El Dorado
2014.0,97785.72,El Dorado
2015.0,91685.93,El Dorado
2016.0,109932.55,El Dorado
2017.0,101875.61,El Dorado
2018.0,121330.43,El Dorado
2019.0,121490.25,El Dorado
1995.0,127288.89,Yuba
1996.0,139873.69,Yuba
1997.0,161093.82,Yuba
1998.0,138387.98,Yuba
1999.0,132294.3,Yuba
2000.0,134134.2,Yuba
2001.0,137442.43,Yuba
2002.0,125448.74,Yuba
2003.0,128904.85,Yuba
2004.0,126818.31,Yuba
2005.0,146772.0,Yuba
2006.0,139649.21,Yuba
2007.0,145878.15,Yuba
2008.0,136830.69,Yuba
2009.0,127629.07,Yuba
2010.0,127258.24,Yuba
2011.0,128421.59,Yuba
2012.0,125012.45,Yuba
2013.0,129117.49,Yuba
2014.0,137785.73,Yuba
2015.0,129424.37,Yuba
2016.0,135728.66,Yuba
2017.0,171346.24,Yuba
2018.0,153207.89,Yuba
2019.0,169463.51,Yuba
1995.0,650.47,Colusa
1996.0,13374.87,Colusa
1997.0,24979.37,Colusa
1998.0,24562.8,Colusa
1999.0,15865.72,Colusa
2000.0,21296.16,Colusa
2001.0,19379.1,Colusa
2002.0,20187.93,Colusa
2003.0,20373.2,Colusa
2004.0,21234.19,Colusa
2005.0,24059.57,Colusa
2006.0,22395.07,Colusa
2007.0,22833.38,Colusa
2008.0,23746.21,Colusa
2009.0,20896.41,Colusa
2010.0,22462.21,Colusa
2011.0,21237.98,Colusa
2012.0,22037.04,Colusa
2013.0,17464.65,Colusa
2014.0,20434.8,Colusa
2015.0,20587.23,Colusa
2016.0,23515.26,Colusa
2017.0,24597.39,Colusa
2018.0,23694.38,Colusa
2019.0,23744.31,Colusa
1995.0,9413.0,Mono
1996.0,23681.0,Mono
1997.0,27378.26,Mono
1998.0,28946.03,Mono
1999.0,26302.7,Mono
2000.0,27233.44,Mono
2001.0,30785.25,Mono
2002.0,27370.09,Mono
2003.0,30225.59,Mono
2004.0,27862.46,Mono
2005.0,34241.55,Mono
2006.0,38758.03,Mono
2007.0,33536.81,Mono
2008.0,28014.93,Mono
2009.0,22171.11,Mono
2010.0,20649.36,Mono
2011.0,21420.69,Mono
2012.0,21364.37,Mono
2013.0,19781.73,Mono
2014.0,18770.43,Mono
2015.0,22026.03,Mono
2016.0,22223.79,Mono
2017.0,23814.65,Mono
2018.0,23082.11,Mono
2019.0,27669.37,Mono
1995.0,180364.08,Merced
1996.0,182610.44,Merced
1997.0,192608.25,Merced
1998.0,209013.13,Merced
1999.0,218523.37,Merced
2000.0,206467.26,Merced
2001.0,213647.28,Merced
2002.0,229705.69,Merced
2003.0,249482.13,Merced
2004.0,265342.11,Merced
2005.0,290656.37,Merced
2006.0,278392.93,Merced
2007.0,257332.11,Merced
2008.0,238882.52,Merced
2009.0,224097.99,Merced
2010.0,212516.51,Merced
2011.0,209846.95,Merced
2012.0,201860.63,Merced
2013.0,207821.74,Merced
2014.0,234381.52,Merced
2015.0,233899.07,Merced
2016.0,249437.25,Merced
2017.0,268648.65,Merced
2018.0,264643.71,Merced
2019.0,277454.07,Merced
1995.0,11517809.58,Los Angeles
1996.0,11164775.52,Los Angeles
1997.0,11284765.9,Los Angeles
1998.0,11782856.11,Los Angeles
1999.0,11676104.09,Los Angeles
2000.0,12237445.21,Los Angeles
2001.0,12263807.08,Los Angeles
2002.0,12023878.4,Los Angeles
2003.0,12312500.12,Los Angeles
2004.0,12140163.62,Los Angeles
2005.0,13227651.14,Los Angeles
2006.0,11471878.22,Los Angeles
2007.0,10944053.47,Los Angeles
2008.0,9926639.39,Los Angeles
2009.0,8688818.26,Los Angeles
2010.0,8264268.73,Los Angeles
2011.0,8233623.28,Los Angeles
2012.0,8141712.49,Los Angeles
2013.0,8266414.53,Los Angeles
2014.0,8506648.68,Los Angeles
2015.0,9050134.96,Los Angeles
2016.0,9625184.38,Los Angeles
2017.0,10170204.87,Los Angeles
2018.0,10417283.86,Los Angeles
2019.0,11141950.72,Los Angeles
1995.0,84221.9,Stanislaus
1996.0,93306.22,Stanislaus
1997.0,158307.79,Stanislaus
1998.0,169004.55,Stanislaus
1999.0,182663.66,Stanislaus
2000.0,207878.35,Stanislaus
2001.0,238902.94,Stanislaus
2002.0,225866.28,Stanislaus
2003.0,246186.61,Stanislaus
2004.0,297695.39,Stanislaus
2005.0,334500.68,Stanislaus
2006.0,379150.14,Stanislaus
2007.0,302650.81,Stanislaus
2008.0,287700.06,Stanislaus
2009.0,189607.58,Stanislaus
2010.0,217738.02,Stanislaus
2011.0,207355.0,Stanislaus
2012.0,214240.84,Stanislaus
2013.0,226461.64,Stanislaus
2014.0,243275.64,Stanislaus
2015.0,308928.95,Stanislaus
2016.0,340413.58,Stanislaus
2017.0,336099.58,Stanislaus
2018.0,391722.74,Stanislaus
2019.0,365579.18,Stanislaus
1995.0,12842.0,Del Norte
1996.0,15129.02,Del Norte
1997.0,19528.74,Del Norte
1998.0,19454.77,Del Norte
1999.0,18096.95,Del Norte
2000.0,18652.39,Del Norte
2001.0,18769.1,Del Norte
2002.0,19136.84,Del Norte
2003.0,20334.13,Del Norte
2004.0,22994.68,Del Norte
2005.0,5759.25,Del Norte
2006.0,4.67,Del Norte
2007.0,3.68,Del Norte
2008.0,,Del Norte
2009.0,22.48,Del Norte
2010.0,112.47,Del Norte
2011.0,23.51,Del Norte
2012.0,79.7,Del Norte
2013.0,169.07,Del Norte
2014.0,118.9,Del Norte
2015.0,47.33,Del Norte
2016.0,73.44,Del Norte
2017.0,193.98,Del Norte
2018.0,203.33,Del Norte
2019.0,88.71,Del Norte
1995.0,683990.33,San Francisco
1996.0,702563.82,San Francisco
1997.0,791128.67,San Francisco
1998.0,887065.89,San Francisco
1999.0,806675.96,San Francisco
2000.0,872707.49,San Francisco
2001.0,856063.8,San Francisco
2002.0,758701.1,San Francisco
2003.0,718863.26,San Francisco
2004.0,691626.15,San Francisco
2005.0,675278.4,San Francisco
2006.0,695573.82,San Francisco
2007.0,628864.02,San Francisco
2008.0,594660.37,San Francisco
2009.0,484812.04,San Francisco
2010.0,455331.84,San Francisco
2011.0,446634.73,San Francisco
2012.0,454570.16,San Francisco
2013.0,476423.83,San Francisco
2014.0,529474.27,San Francisco
2015.0,590100.0,San Francisco
2016.0,600231.49,San Francisco
2017.0,626997.05,San Francisco
2018.0,739690.89,San Francisco
2019.0,713009.58,San Francisco
1995.0,779629.58,Contra Costa
1996.0,793270.88,Contra Costa
1997.0,1026154.01,Contra Costa
1998.0,922018.61,Contra Costa
1999.0,953808.02,Contra Costa
2000.0,864091.82,Contra Costa
2001.0,950434.93,Contra Costa
2002.0,981267.81,Contra Costa
2003.0,977551.33,Contra Costa
2004.0,1048201.57,Contra Costa
2005.0,1086527.49,Contra Costa
2006.0,1000202.99,Contra Costa
2007.0,918530.47,Contra Costa
2008.0,854936.55,Contra Costa
2009.0,726077.11,Contra Costa
2010.0,718862.2,Contra Costa
2011.0,673905.37,Contra Costa
2012.0,667929.88,Contra Costa
2013.0,672004.34,Contra Costa
2014.0,686132.71,Contra Costa
2015.0,719149.18,Contra Costa
2016.0,767644.05,Contra Costa
2017.0,801279.7,Contra Costa
2018.0,875888.03,Contra Costa
2019.0,794518.98,Contra Costa
1995.0,1266.7,Plumas
1996.0,1228.43,Plumas
1997.0,1237.7,Plumas
1998.0,2280.61,Plumas
1999.0,1692.29,Plumas
2000.0,1310.57,Plumas
2001.0,1249.2,Plumas
2002.0,1043.45,Plumas
2003.0,822.55,Plumas
2004.0,253.84,Plumas
2005.0,147.45,Plumas
2006.0,137.97,Plumas
2007.0,623.04,Plumas
2008.0,56.41,Plumas
2009.0,93.59,Plumas
2010.0,36.27,Plumas
2011.0,157.98,Plumas
2012.0,140.87,Plumas
2013.0,217.58,Plumas
2014.0,367.28,Plumas
2015.0,740.39,Plumas
2016.0,173.77,Plumas
2017.0,263.56,Plumas
2018.0,261.0,Plumas
2019.0,173.99,Plumas
1995.0,2691712.67,San Diego
1996.0,2660541.45,San Diego
1997.0,2757139.44,San Diego
1998.0,2931278.05,San Diego
1999.0,3037508.27,San Diego
2000.0,3408059.62,San Diego
2001.0,3739143.1,San Diego
2002.0,3767567.27,San Diego
2003.0,4000781.99,San Diego
2004.0,4098640.55,San Diego
2005.0,4181732.39,San Diego
2006.0,3969057.94,San Diego
2007.0,3730448.58,San Diego
2008.0,3413957.15,San Diego
2009.0,3081141.78,San Diego
2010.0,2987483.79,San Diego
2011.0,3045133.39,San Diego
2012.0,2875287.88,San Diego
2013.0,3007350.6,San Diego
2014.0,3131969.45,San Diego
2015.0,3296372.52,San Diego
2016.0,3317215.85,San Diego
2017.0,3424269.04,San Diego
2018.0,3548653.61,San Diego
2019.0,3200806.27,San Diego
1995.0,1496533.94,Santa Clara
1996.0,1551274.26,Santa Clara
1997.0,1664062.66,Santa Clara
1998.0,1724085.01,Santa Clara
1999.0,1640291.09,Santa Clara
2000.0,1640208.36,Santa Clara
2001.0,1545436.62,Santa Clara
2002.0,1416202.52,Santa Clara
2003.0,1412047.82,Santa Clara
2004.0,1394112.14,Santa Clara
2005.0,1443168.33,Santa Clara
2006.0,1505661.26,Santa Clara
2007.0,1417237.78,Santa Clara
2008.0,1363751.11,Santa Clara
2009.0,1189285.92,Santa Clara
2010.0,1170683.29,Santa Clara
2011.0,1126235.41,Santa Clara
2012.0,1108511.62,Santa Clara
2013.0,1133189.22,Santa Clara
2014.0,1244464.37,Santa Clara
2015.0,1335115.88,Santa Clara
2016.0,1366218.25,Santa Clara
2017.0,1475585.74,Santa Clara
2018.0,1513136.01,Santa Clara
2019.0,1452222.43,Santa Clara
1995.0,1135350.86,Sacramento
1996.0,1097443.7,Sacramento
1997.0,1117854.33,Sacramento
1998.0,1170920.85,Sacramento
1999.0,989273.23,Sacramento
2000.0,941057.65,Sacramento
2001.0,1002216.48,Sacramento
2002.0,1132062.37,Sacramento
2003.0,1346924.28,Sacramento
2004.0,1393964.46,Sacramento
2005.0,1466809.2,Sacramento
2006.0,1414023.86,Sacramento
2007.0,1236456.41,Sacramento
2008.0,1117330.59,Sacramento
2009.0,955088.0,Sacramento
2010.0,954053.07,Sacramento
2011.0,991936.12,Sacramento
2012.0,957194.03,Sacramento
2013.0,1043908.12,Sacramento
2014.0,1056532.55,Sacramento
2015.0,1121085.93,Sacramento
2016.0,1205624.42,Sacramento
2017.0,1359861.76,Sacramento
2018.0,1362828.22,Sacramento
2019.0,1406241.62,Sacramento
1995.0,7044.98,Nevada
1996.0,5102.73,Nevada
1997.0,14014.84,Nevada
1998.0,18374.85,Nevada
1999.0,15581.67,Nevada
2000.0,17350.02,Nevada
2001.0,18078.37,Nevada
2002.0,22322.39,Nevada
2003.0,61530.43,Nevada
2004.0,64259.42,Nevada
2005.0,67255.71,Nevada
2006.0,66843.63,Nevada
2007.0,60370.69,Nevada
2008.0,56210.8,Nevada
2009.0,53534.04,Nevada
2010.0,53225.73,Nevada
2011.0,50581.11,Nevada
2012.0,33834.64,Nevada
2013.0,4416.24,Nevada
2014.0,6054.23,Nevada
2015.0,7813.22,Nevada
2016.0,4353.64,Nevada
2017.0,19861.38,Nevada
2018.0,6487.96,Nevada
2019.0,9022.35,Nevada
1995.0,74752.83,Napa
1996.0,41606.51,Napa
1997.0,49346.01,Napa
1998.0,44305.05,Napa
1999.0,45070.27,Napa
2000.0,133847.31,Napa
2001.0,160401.75,Napa
2002.0,184994.82,Napa
2003.0,200465.63,Napa
2004.0,192344.82,Napa
2005.0,178357.53,Napa
2006.0,176033.93,Napa
2007.0,153655.92,Napa
2008.0,135517.62,Napa
2009.0,101233.35,Napa
2010.0,114851.1,Napa
2011.0,106196.24,Napa
2012.0,99518.12,Napa
2013.0,106555.83,Napa
2014.0,120497.74,Napa
2015.0,124258.7,Napa
2016.0,129346.34,Napa
2017.0,188270.06,Napa
2018.0,231472.15,Napa
2019.0,180694.75,Napa
1995.0,78046.1,Madera
1996.0,82114.1,Madera
1997.0,84005.93,Madera
1998.0,88917.24,Madera
1999.0,91155.14,Madera
2000.0,98321.12,Madera
2001.0,103606.47,Madera
2002.0,106891.38,Madera
2003.0,116390.88,Madera
2004.0,126617.9,Madera
2005.0,144117.73,Madera
2006.0,160801.17,Madera
2007.0,137693.46,Madera
2008.0,129800.35,Madera
2009.0,120676.23,Madera
2010.0,118507.7,Madera
2011.0,111497.17,Madera
2012.0,117353.94,Madera
2013.0,114475.64,Madera
2014.0,110732.89,Madera
2015.0,122948.37,Madera
2016.0,138479.25,Madera
2017.0,136635.62,Madera
2018.0,143714.94,Madera
2019.0,158630.22,Madera
1995.0,2913149.28,Orange
1996.0,2901416.11,Orange
1997.0,3322653.49,Orange
1998.0,3601847.65,Orange
1999.0,3584628.54,Orange
2000.0,3803041.49,Orange
2001.0,3848148.08,Orange
2002.0,3796608.31,Orange
2003.0,3998052.11,Orange
2004.0,4196808.89,Orange
2005.0,4290785.15,Orange
2006.0,3862255.02,Orange
2007.0,3548339.71,Orange
2008.0,3202870.04,Orange
2009.0,2855407.1,Orange
2010.0,2803813.17,Orange
2011.0,2719237.41,Orange
2012.0,2695717.76,Orange
2013.0,2757702.88,Orange
2014.0,2893518.08,Orange
2015.0,3013489.3,Orange
2016.0,3087161.18,Orange
2017.0,3262162.12,Orange
2018.0,3351214.16,Orange
2019.0,3373309.25,Orange
1995.0,191500.12,Placer
1996.0,168969.05,Placer
1997.0,175132.96,Placer
1998.0,188233.12,Placer
1999.0,237832.48,Placer
2000.0,213410.5,Placer
2001.0,246004.95,Placer
2002.0,263783.24,Placer
2003.0,292039.76,Placer
2004.0,303304.35,Placer
2005.0,305694.06,Placer
2006.0,310750.26,Placer
2007.0,290955.72,Placer
2008.0,251583.13,Placer
2009.0,223401.68,Placer
2010.0,218358.1,Placer
2011.0,211007.34,Placer
2012.0,208360.03,Placer
2013.0,223489.86,Placer
2014.0,227722.65,Placer
2015.0,244973.64,Placer
2016.0,266427.85,Placer
2017.0,291106.66,Placer
2018.0,303921.17,Placer
2019.0,281556.39,Placer
1995.0,14544.2,Siskiyou
1996.0,22578.68,Siskiyou
1997.0,22758.03,Siskiyou
1998.0,17328.0,Siskiyou
1999.0,16507.78,Siskiyou
2000.0,15336.5,Siskiyou
2001.0,15770.0,Siskiyou
2002.0,14672.0,Siskiyou
2003.0,13160.47,Siskiyou
2004.0,21480.0,Siskiyou
2005.0,31496.7,Siskiyou
2006.0,34447.03,Siskiyou
2007.0,33790.46,Siskiyou
2008.0,32440.3,Siskiyou
2009.0,29197.87,Siskiyou
2010.0,29321.42,Siskiyou
2011.0,29548.55,Siskiyou
2012.0,28318.43,Siskiyou
2013.0,26778.62,Siskiyou
2014.0,22660.44,Siskiyou
2015.0,101.15,Siskiyou
2016.0,335.36,Siskiyou
2017.0,305.48,Siskiyou
2018.0,3439.56,Siskiyou
2019.0,951.74,Siskiyou
1995.0,1583135.05,Alameda
1996.0,1510874.25,Alameda
1997.0,1593570.29,Alameda
1998.0,1671466.25,Alameda
1999.0,1733182.35,Alameda
2000.0,1676429.25,Alameda
2001.0,1629208.38,Alameda
2002.0,1596803.0,Alameda
2003.0,1585190.61,Alameda
2004.0,1692478.59,Alameda
2005.0,1659523.24,Alameda
2006.0,1656037.42,Alameda
2007.0,1551102.75,Alameda
2008.0,1337915.56,Alameda
2009.0,1246311.26,Alameda
2010.0,1152323.9,Alameda
2011.0,1090342.95,Alameda
2012.0,1147859.1,Alameda
2013.0,1143318.37,Alameda
2014.0,1106585.54,Alameda
2015.0,1130785.92,Alameda
2016.0,1188438.89,Alameda
2017.0,1381330.35,Alameda
2018.0,1342490.34,Alameda
2019.0,1465263.51,Alameda
1995.0,49358.9,Lake
1996.0,50552.96,Lake
1997.0,47682.14,Lake
1998.0,50375.7,Lake
1999.0,51817.65,Lake
2000.0,46778.52,Lake
2001.0,47231.51,Lake
2002.0,48421.68,Lake
2003.0,46425.2,Lake
2004.0,48181.03,Lake
2005.0,50447.73,Lake
2006.0,56646.47,Lake
2007.0,53671.66,Lake
2008.0,48804.55,Lake
2009.0,42824.32,Lake
2010.0,41147.98,Lake
2011.0,40844.84,Lake
2012.0,35627.91,Lake
2013.0,38644.11,Lake
2014.0,37416.9,Lake
2015.0,189645.23,Lake
2016.0,133316.01,Lake
2017.0,98386.84,Lake
2018.0,92765.92,Lake
2019.0,53244.27,Lake
1995.0,512494.86,San Joaquin
1996.0,484850.93,San Joaquin
1997.0,571161.44,San Joaquin
1998.0,615279.26,San Joaquin
1999.0,643273.64,San Joaquin
2000.0,677344.35,San Joaquin
2001.0,721085.63,San Joaquin
2002.0,775174.59,San Joaquin
2003.0,804404.96,San Joaquin
2004.0,776938.85,San Joaquin
2005.0,784407.78,San Joaquin
2006.0,785097.76,San Joaquin
2007.0,776150.09,San Joaquin
2008.0,699621.14,San Joaquin
2009.0,592075.35,San Joaquin
2010.0,601819.62,San Joaquin
2011.0,596701.01,San Joaquin
2012.0,580940.63,San Joaquin
2013.0,614665.98,San Joaquin
2014.0,639175.86,San Joaquin
2015.0,684297.79,San Joaquin
2016.0,746048.6,San Joaquin
2017.0,824601.15,San Joaquin
2018.0,903737.21,San Joaquin
2019.0,880241.79,San Joaquin
1995.0,2796.0,Sierra
1996.0,2391.0,Sierra
1997.0,2818.0,Sierra
1998.0,2525.0,Sierra
1999.0,2399.0,Sierra
2000.0,2820.0,Sierra
2001.0,2721.23,Sierra
2002.0,2382.39,Sierra
2003.0,2808.0,Sierra
2004.0,2387.9,Sierra
2005.0,3553.26,Sierra
2006.0,3461.03,Sierra
2007.0,3925.29,Sierra
2008.0,2759.0,Sierra
2009.0,2102.08,Sierra
2010.0,2559.0,Sierra
2011.0,2122.53,Sierra
2012.0,2136.47,Sierra
2013.0,2461.0,Sierra
2014.0,2907.29,Sierra
2015.0,2244.39,Sierra
2016.0,2674.81,Sierra
2017.0,1288.07,Sierra
2018.0,,Sierra
2019.0,15.34,Sierra
1995.0,23014.0,Glenn
1996.0,21215.0,Glenn
1997.0,22463.85,Glenn
1998.0,20773.79,Glenn
1999.0,18136.72,Glenn
2000.0,19557.07,Glenn
2001.0,18911.44,Glenn
2002.0,20282.57,Glenn
2003.0,21914.13,Glenn
2004.0,23391.71,Glenn
2005.0,23288.67,Glenn
2006.0,22623.12,Glenn
2007.0,20404.14,Glenn
2008.0,21188.04,Glenn
2009.0,20878.98,Glenn
2010.0,19708.39,Glenn
2011.0,18770.37,Glenn
2012.0,19116.67,Glenn
2013.0,20682.58,Glenn
2014.0,20236.34,Glenn
2015.0,20038.12,Glenn
2016.0,21724.37,Glenn
2017.0,19998.98,Glenn
2018.0,22908.18,Glenn
2019.0,81573.78,Glenn
1995.0,200356.1,Butte
1996.0,197467.09,Butte
1997.0,178342.08,Butte
1998.0,200288.53,Butte
1999.0,211408.91,Butte
2000.0,203896.87,Butte
2001.0,206093.63,Butte
2002.0,208188.81,Butte
2003.0,221103.3,Butte
2004.0,227864.73,Butte
2005.0,220515.29,Butte
2006.0,209180.07,Butte
2007.0,216901.74,Butte
2008.0,200763.27,Butte
2009.0,174646.05,Butte
2010.0,184965.59,Butte
2011.0,186185.5,Butte
2012.0,196630.71,Butte
2013.0,175327.17,Butte
2014.0,177142.17,Butte
2015.0,181432.62,Butte
2016.0,196732.68,Butte
2017.0,223223.53,Butte
2018.0,206845.92,Butte
2019.0,1818063.23,Butte
1995.0,12689.42,Mariposa
1996.0,12433.49,Mariposa
1997.0,11763.9,Mariposa
1998.0,11918.81,Mariposa
1999.0,11679.33,Mariposa
2000.0,12684.09,Mariposa
2001.0,11729.12,Mariposa
2002.0,12654.9,Mariposa
2003.0,10531.67,Mariposa
2004.0,11581.26,Mariposa
2005.0,15567.52,Mariposa
2006.0,16419.47,Mariposa
2007.0,14151.33,Mariposa
2008.0,12830.46,Mariposa
2009.0,11330.11,Mariposa
2010.0,12009.73,Mariposa
2011.0,13129.64,Mariposa
2012.0,11362.37,Mariposa
2013.0,15418.69,Mariposa
2014.0,12486.86,Mariposa
2015.0,12084.0,Mariposa
2016.0,14394.18,Mariposa
2017.0,34559.43,Mariposa
2018.0,13706.04,Mariposa
2019.0,27390.23,Mariposa
1995.0,152898.0,Imperial
1996.0,142537.0,Imperial
1997.0,166635.43,Imperial
1998.0,160848.01,Imperial
1999.0,180712.79,Imperial
2000.0,181627.5,Imperial
2001.0,182587.28,Imperial
2002.0,198479.37,Imperial
2003.0,229565.95,Imperial
2004.0,243789.32,Imperial
2005.0,272995.86,Imperial
2006.0,279427.12,Imperial
2007.0,261322.34,Imperial
2008.0,238781.7,Imperial
2009.0,206589.27,Imperial
2010.0,242204.21,Imperial
2011.0,213687.88,Imperial
2012.0,178914.89,Imperial
2013.0,204137.64,Imperial
2014.0,186888.14,Imperial
2015.0,174754.22,Imperial
2016.0,215913.1,Imperial
2017.0,172875.44,Imperial
2018.0,152344.85,Imperial
2019.0,135092.23,Imperial
1995.0,1332723.21,Riverside
1996.0,1297422.68,Riverside
1997.0,1352146.07,Riverside
1998.0,1456007.43,Riverside
1999.0,1528841.31,Riverside
2000.0,1649413.37,Riverside
2001.0,1739298.57,Riverside
2002.0,1845054.81,Riverside
2003.0,2033106.79,Riverside
2004.0,2293982.84,Riverside
2005.0,2525910.5,Riverside
2006.0,2525589.34,Riverside
2007.0,2356738.91,Riverside
2008.0,2075923.75,Riverside
2009.0,1755725.42,Riverside
2010.0,1782985.78,Riverside
2011.0,1747413.67,Riverside
2012.0,1744578.5,Riverside
2013.0,1843028.07,Riverside
2014.0,1897263.69,Riverside
2015.0,2037162.81,Riverside
2016.0,2158648.41,Riverside
2017.0,2322650.95,Riverside
2018.0,2442097.02,Riverside
2019.0,2515629.02,Riverside
1995.0,213906.92,Shasta
1996.0,176828.61,Shasta
1997.0,153861.6,Shasta
1998.0,158954.13,Shasta
1999.0,160262.41,Shasta
2000.0,171144.66,Shasta
2001.0,164453.1,Shasta
2002.0,168947.74,Shasta
2003.0,177741.52,Shasta
2004.0,188978.5,Shasta
2005.0,186569.17,Shasta
2006.0,187909.09,Shasta
2007.0,186170.23,Shasta
2008.0,167685.25,Shasta
2009.0,151137.51,Shasta
2010.0,147126.52,Shasta
2011.0,153079.06,Shasta
2012.0,145029.86,Shasta
2013.0,163217.23,Shasta
2014.0,155573.8,Shasta
2015.0,164822.98,Shasta
2016.0,177336.64,Shasta
2017.0,197638.43,Shasta
2018.0,623720.2,Shasta
2019.0,200160.07,Shasta
1995.0,236207.93,Santa Cruz
1996.0,236432.77,Santa Cruz
1997.0,240124.09,Santa Cruz
1998.0,249956.81,Santa Cruz
1999.0,248922.94,Santa Cruz
2000.0,269697.59,Santa Cruz
2001.0,246954.49,Santa Cruz
2002.0,240506.58,Santa Cruz
2003.0,242172.75,Santa Cruz
2004.0,248200.17,Santa Cruz
2005.0,242151.18,Santa Cruz
2006.0,221000.23,Santa Cruz
2007.0,206971.52,Santa Cruz
2008.0,186303.52,Santa Cruz
2009.0,168341.91,Santa Cruz
2010.0,169540.46,Santa Cruz
2011.0,164883.37,Santa Cruz
2012.0,163579.27,Santa Cruz
2013.0,161813.83,Santa Cruz
2014.0,171722.01,Santa Cruz
2015.0,191746.24,Santa Cruz
2016.0,210993.77,Santa Cruz
2017.0,213359.01,Santa Cruz
2018.0,225452.04,Santa Cruz
2019.0,234708.67,Santa Cruz
