Year,County,Waste Produced (Tons)
2000.0,Alameda,1676429.25
2000.0,Alpine,745.0
2000.0,Amador,41059.9
2000.0,Butte,203896.87
2000.0,Calaveras,34110.44
2000.0,Colusa,21296.16
2000.0,Contra Costa,864091.82
2000.0,Del Norte,18652.39
2000.0,El Dorado,5319.03
2000.0,Fresno,763968.5
2000.0,Glenn,19557.07
2000.0,Humboldt,12577.48
2000.0,Imperial,181627.5
2000.0,Inyo,16279.46
2000.0,Kern,669585.71
2000.0,Kings,93873.35
2000.0,Lake,46778.52
2000.0,Lassen,11491.16
2000.0,Los Angeles,12237445.21
2000.0,Madera,98321.12
2000.0,Marin,216211.18
2000.0,Mariposa,12684.09
2000.0,Mendocino,59580.17
2000.0,Merced,206467.26
2000.0,Modoc,72.0
2000.0,Mono,27233.44
2000.0,Monterey,422302.12
2000.0,Napa,133847.31
2000.0,Nevada,17350.02
2000.0,Orange,3803041.49
2000.0,Placer,213410.5
2000.0,Plumas,1310.57
2000.0,Riverside,1649413.37
2000.0,Sacramento,941057.65
2000.0,San Benito,66434.16
2000.0,San Bernardino,1762385.98
2000.0,San Diego,3408059.62
2000.0,San Francisco,872707.49
2000.0,San Joaquin,677344.35
2000.0,San Luis Obispo,257335.62
2000.0,San Mateo,911601.44
2000.0,Santa Barbara,446328.88
2000.0,Santa Clara,1640208.36
2000.0,Santa Cruz,269697.59
2000.0,Shasta,171144.66
2000.0,Sierra,2820.0
2000.0,Siskiyou,15336.5
2000.0,Solano,353832.4
2000.0,Sonoma,531409.29
2000.0,Stanislaus,207878.35
2000.0,Tehama,44538.78
2000.0,Trinity,5979.43
2000.0,Tulare,324877.46
2000.0,Tuolumne,1404.87
2000.0,Ventura,892546.33
2000.0,Yolo,174755.11
2000.0,Yuba,134134.2
2001.0,Alameda,1629208.38
2001.0,Alpine,728.0
2001.0,Amador,38798.99
2001.0,Butte,206093.63
2001.0,Calaveras,35812.22
2001.0,Colusa,19379.1
2001.0,Contra Costa,950434.93
2001.0,Del Norte,18769.1
2001.0,El Dorado,6828.16
2001.0,Fresno,733055.43
2001.0,Glenn,18911.44
2001.0,Humboldt,9428.74
2001.0,Imperial,182587.28
2001.0,Inyo,17632.01
2001.0,Kern,689430.43
2001.0,Kings,97316.36
2001.0,Lake,47231.51
2001.0,Lassen,12699.22
2001.0,Los Angeles,12263807.08
2001.0,Madera,103606.47
2001.0,Marin,236557.6
2001.0,Mariposa,11729.12
2001.0,Mendocino,60053.43
2001.0,Merced,213647.28
2001.0,Mono,30785.25
2001.0,Monterey,421176.42
2001.0,Napa,160401.75
2001.0,Nevada,18078.37
2001.0,Orange,3848148.08
2001.0,Placer,246004.95
2001.0,Plumas,1249.2
2001.0,Riverside,1739298.57
2001.0,Sacramento,1002216.48
2001.0,San Benito,64537.44
2001.0,San Bernardino,1888556.78
2001.0,San Diego,3739143.1
2001.0,San Francisco,856063.8
2001.0,San Joaquin,721085.63
2001.0,San Luis Obispo,293688.22
2001.0,San Mateo,883177.28
2001.0,Santa Barbara,622868.1
2001.0,Santa Clara,1545436.62
2001.0,Santa Cruz,246954.49
2001.0,Shasta,164453.1
2001.0,Sierra,2721.23
2001.0,Siskiyou,15770.0
2001.0,Solano,412885.1
2001.0,Sonoma,543029.49
2001.0,Stanislaus,238902.94
2001.0,Tehama,44892.98
2001.0,Trinity,6120.83
2001.0,Tulare,321266.8
2001.0,Tuolumne,2375.61
2001.0,Ventura,901154.1
2001.0,Yolo,185412.5
2001.0,Yuba,137442.43
2002.0,Alameda,1596803.0
2002.0,Alpine,1155.29
2002.0,Amador,39287.99
2002.0,Butte,208188.81
2002.0,Calaveras,39106.35
2002.0,Colusa,20187.93
2002.0,Contra Costa,981267.81
2002.0,Del Norte,19136.84
2002.0,El Dorado,10513.59
2002.0,Fresno,773230.19
2002.0,Glenn,20282.57
2002.0,Humboldt,16776.21
2002.0,Imperial,198479.37
2002.0,Inyo,18978.72
2002.0,Kern,705725.7
2002.0,Kings,101497.68
2002.0,Lake,48421.68
2002.0,Lassen,20993.16
2002.0,Los Angeles,12023878.4
2002.0,Madera,106891.38
2002.0,Marin,227375.04
2002.0,Mariposa,12654.9
2002.0,Mendocino,67604.11
2002.0,Merced,229705.69
2002.0,Mono,27370.09
2002.0,Monterey,424477.27
2002.0,Napa,184994.82
2002.0,Nevada,22322.39
2002.0,Orange,3796608.31
2002.0,Placer,263783.24
2002.0,Plumas,1043.45
2002.0,Riverside,1845054.81
2002.0,Sacramento,1132062.37
2002.0,San Benito,60232.15
2002.0,San Bernardino,1931424.51
2002.0,San Diego,3767567.27
2002.0,San Francisco,758701.1
2002.0,San Joaquin,775174.59
2002.0,San Luis Obispo,271239.39
2002.0,San Mateo,808867.04
2002.0,Santa Barbara,505393.35
2002.0,Santa Clara,1416202.52
2002.0,Santa Cruz,240506.58
2002.0,Shasta,168947.74
2002.0,Sierra,2382.39
2002.0,Siskiyou,14672.0
2002.0,Solano,424597.5
2002.0,Sonoma,538144.06
2002.0,Stanislaus,225866.28
2002.0,Tehama,48853.16
2002.0,Trinity,6892.05
2002.0,Tulare,334878.36
2002.0,Tuolumne,9137.96
2002.0,Ventura,924045.94
2002.0,Yolo,187667.02
2002.0,Yuba,125448.74
2003.0,Alameda,1585190.61
2003.0,Alpine,2742.1
2003.0,Amador,43420.22
2003.0,Butte,221103.3
2003.0,Calaveras,45337.4
2003.0,Colusa,20373.2
2003.0,Contra Costa,977551.33
2003.0,Del Norte,20334.13
2003.0,El Dorado,17139.21
2003.0,Fresno,945195.61
2003.0,Glenn,21914.13
2003.0,Humboldt,50636.17
2003.0,Imperial,229565.95
2003.0,Inyo,15034.06
2003.0,Kern,858946.03
2003.0,Kings,106237.72
2003.0,Lake,46425.2
2003.0,Lassen,24451.9
2003.0,Los Angeles,12312500.12
2003.0,Madera,116390.88
2003.0,Marin,228782.87
2003.0,Mariposa,10531.67
2003.0,Mendocino,72256.08
2003.0,Merced,249482.13
2003.0,Mono,30225.59
2003.0,Monterey,426125.77
2003.0,Napa,200465.63
2003.0,Nevada,61530.43
2003.0,Orange,3998052.11
2003.0,Placer,292039.76
2003.0,Plumas,822.55
2003.0,Riverside,2033106.79
2003.0,Sacramento,1346924.28
2003.0,San Benito,65500.81
2003.0,San Bernardino,2107128.88
2003.0,San Diego,4000781.99
2003.0,San Francisco,718863.26
2003.0,San Joaquin,804404.96
2003.0,San Luis Obispo,284651.36
2003.0,San Mateo,747374.02
2003.0,Santa Barbara,541545.8
2003.0,Santa Clara,1412047.82
2003.0,Santa Cruz,242172.75
2003.0,Shasta,177741.52
2003.0,Sierra,2808.0
2003.0,Siskiyou,13160.47
2003.0,Solano,456710.49
2003.0,Sonoma,544756.34
2003.0,Stanislaus,246186.61
2003.0,Tehama,52666.53
2003.0,Trinity,7247.18
2003.0,Tulare,361310.1
2003.0,Tuolumne,43176.43
2003.0,Ventura,972890.08
2003.0,Yolo,201403.25
2003.0,Yuba,128904.85
2004.0,Alameda,1692478.59
2004.0,Alpine,1940.48
2004.0,Amador,40005.59
2004.0,Butte,227864.73
2004.0,Calaveras,48831.29
2004.0,Colusa,21234.19
2004.0,Contra Costa,1048201.57
2004.0,Del Norte,22994.68
2004.0,El Dorado,37985.31
2004.0,Fresno,877489.51
2004.0,Glenn,23391.71
2004.0,Humboldt,67266.52
2004.0,Imperial,243789.32
2004.0,Inyo,13158.82
2004.0,Kern,831363.23
2004.0,Kings,109198.2
2004.0,Lake,48181.03
2004.0,Lassen,24618.68
2004.0,Los Angeles,12140163.62
2004.0,Madera,126617.9
2004.0,Marin,225028.46
2004.0,Mariposa,11581.26
2004.0,Mendocino,78924.95
2004.0,Merced,265342.11
2004.0,Modoc,2.27
2004.0,Mono,27862.46
2004.0,Monterey,447085.97
2004.0,Napa,192344.82
2004.0,Nevada,64259.42
2004.0,Orange,4196808.89
2004.0,Placer,303304.35
2004.0,Plumas,253.84
2004.0,Riverside,2293982.84
2004.0,Sacramento,1393964.46
2004.0,San Benito,62117.58
2004.0,San Bernardino,2235251.83
2004.0,San Diego,4098640.55
2004.0,San Francisco,691626.15
2004.0,San Joaquin,776938.85
2004.0,San Luis Obispo,287765.77
2004.0,San Mateo,744158.28
2004.0,Santa Barbara,559084.38
2004.0,Santa Clara,1394112.14
2004.0,Santa Cruz,248200.17
2004.0,Shasta,188978.5
2004.0,Sierra,2387.9
2004.0,Siskiyou,21480.0
2004.0,Solano,464464.21
2004.0,Sonoma,545535.79
2004.0,Stanislaus,297695.39
2004.0,Tehama,51670.35
2004.0,Trinity,7389.0
2004.0,Tulare,384676.32
2004.0,Tuolumne,49845.23
2004.0,Ventura,1038354.71
2004.0,Yolo,211737.46
2004.0,Yuba,126818.31
2005.0,Alameda,1659523.24
2005.0,Alpine,1911.5
2005.0,Amador,53650.79
2005.0,Butte,220515.29
2005.0,Calaveras,53195.31
2005.0,Colusa,24059.57
2005.0,Contra Costa,1086527.49
2005.0,Del Norte,5759.25
2005.0,El Dorado,61386.17
2005.0,Fresno,873200.31
2005.0,Glenn,23288.67
2005.0,Humboldt,80493.55
2005.0,Imperial,272995.86
2005.0,Inyo,19973.61
2005.0,Kern,859324.29
2005.0,Kings,127358.08
2005.0,Lake,50447.73
2005.0,Lassen,24382.81
2005.0,Los Angeles,13227651.14
2005.0,Madera,144117.73
2005.0,Marin,237145.85
2005.0,Mariposa,15567.52
2005.0,Mendocino,73069.75
2005.0,Merced,290656.37
2005.0,Mono,34241.55
2005.0,Monterey,468708.26
2005.0,Napa,178357.53
2005.0,Nevada,67255.71
2005.0,Orange,4290785.15
2005.0,Placer,305694.06
2005.0,Plumas,147.45
2005.0,Riverside,2525910.5
2005.0,Sacramento,1466809.2
2005.0,San Benito,59804.25
2005.0,San Bernardino,2349002.83
2005.0,San Diego,4181732.39
2005.0,San Francisco,675278.4
2005.0,San Joaquin,784407.78
2005.0,San Luis Obispo,289226.93
2005.0,San Mateo,760943.5
2005.0,Santa Barbara,493219.95
2005.0,Santa Clara,1443168.33
2005.0,Santa Cruz,242151.18
2005.0,Shasta,186569.17
2005.0,Sierra,3553.26
2005.0,Siskiyou,31496.7
2005.0,Solano,456150.6
2005.0,Sonoma,532281.19
2005.0,Stanislaus,334500.68
2005.0,Tehama,55546.41
2005.0,Trinity,7663.0
2005.0,Tulare,436935.69
2005.0,Tuolumne,49302.83
2005.0,Ventura,1077746.64
2005.0,Yolo,220110.81
2005.0,Yuba,146772.0
2006.0,Alameda,1656037.42
2006.0,Alpine,2280.43
2006.0,Amador,47717.35
2006.0,Butte,209180.07
2006.0,Calaveras,49476.53
2006.0,Colusa,22395.07
2006.0,Contra Costa,1000202.99
2006.0,Del Norte,4.67
2006.0,El Dorado,85060.11
2006.0,Fresno,877836.43
2006.0,Glenn,22623.12
2006.0,Humboldt,79730.56
2006.0,Imperial,279427.12
2006.0,Inyo,18596.58
2006.0,Kern,880027.39
2006.0,Kings,123428.2
2006.0,Lake,56646.47
2006.0,Lassen,25152.27
2006.0,Los Angeles,11471878.22
2006.0,Madera,160801.17
2006.0,Marin,243037.75
2006.0,Mariposa,16419.47
2006.0,Mendocino,82144.35
2006.0,Merced,278392.93
2006.0,Mono,38758.03
2006.0,Monterey,448090.95
2006.0,Napa,176033.93
2006.0,Nevada,66843.63
2006.0,Orange,3862255.02
2006.0,Placer,310750.26
2006.0,Plumas,137.97
2006.0,Riverside,2525589.34
2006.0,Sacramento,1414023.86
2006.0,San Benito,59444.48
2006.0,San Bernardino,2292245.48
2006.0,San Diego,3969057.94
2006.0,San Francisco,695573.82
2006.0,San Joaquin,785097.76
2006.0,San Luis Obispo,274419.76
2006.0,San Mateo,722542.79
2006.0,Santa Barbara,442103.02
2006.0,Santa Clara,1505661.26
2006.0,Santa Cruz,221000.23
2006.0,Shasta,187909.09
2006.0,Sierra,3461.03
2006.0,Siskiyou,34447.03
2006.0,Solano,465661.79
2006.0,Sonoma,499060.77
2006.0,Stanislaus,379150.14
2006.0,Tehama,54648.64
2006.0,Trinity,8370.53
2006.0,Tulare,432089.02
2006.0,Tuolumne,49027.1
2006.0,Ventura,1030471.45
2006.0,Yolo,208364.11
2006.0,Yuba,139649.21
2007.0,Alameda,1551102.75
2007.0,Alpine,2503.8
2007.0,Amador,41209.97
2007.0,Butte,216901.74
2007.0,Calaveras,49488.57
2007.0,Colusa,22833.38
2007.0,Contra Costa,918530.47
2007.0,Del Norte,3.68
2007.0,El Dorado,104112.36
2007.0,Fresno,1101638.4
2007.0,Glenn,20404.14
2007.0,Humboldt,77741.59
2007.0,Imperial,261322.34
2007.0,Inyo,18567.76
2007.0,Kern,865305.61
2007.0,Kings,120655.37
2007.0,Lake,53671.66
2007.0,Lassen,21404.4
2007.0,Los Angeles,10944053.47
2007.0,Madera,137693.46
2007.0,Marin,229271.18
2007.0,Mariposa,14151.33
2007.0,Mendocino,72550.56
2007.0,Merced,257332.11
2007.0,Mono,33536.81
2007.0,Monterey,416300.49
2007.0,Napa,153655.92
2007.0,Nevada,60370.69
2007.0,Orange,3548339.71
2007.0,Placer,290955.72
2007.0,Plumas,623.04
2007.0,Riverside,2356738.91
2007.0,Sacramento,1236456.41
2007.0,San Benito,55684.12
2007.0,San Bernardino,2171711.06
2007.0,San Diego,3730448.58
2007.0,San Francisco,628864.02
2007.0,San Joaquin,776150.09
2007.0,San Luis Obispo,263871.57
2007.0,San Mateo,677036.66
2007.0,Santa Barbara,427429.73
2007.0,Santa Clara,1417237.78
2007.0,Santa Cruz,206971.52
2007.0,Shasta,186170.23
2007.0,Sierra,3925.29
2007.0,Siskiyou,33790.46
2007.0,Solano,421837.87
2007.0,Sonoma,445428.21
2007.0,Stanislaus,302650.81
2007.0,Tehama,48038.81
2007.0,Trinity,8060.22
2007.0,Tulare,395371.85
2007.0,Tuolumne,48453.02
2007.0,Ventura,959962.59
2007.0,Yolo,198429.53
2007.0,Yuba,145878.15
2008.0,Alameda,1337915.56
2008.0,Alpine,2146.22
2008.0,Amador,35694.95
2008.0,Butte,200763.27
2008.0,Calaveras,39706.27
2008.0,Colusa,23746.21
2008.0,Contra Costa,854936.55
2008.0,El Dorado,116471.87
2008.0,Fresno,859223.52
2008.0,Glenn,21188.04
2008.0,Humboldt,69300.78
2008.0,Imperial,238781.7
2008.0,Inyo,16126.6
2008.0,Kern,794911.34
2008.0,Kings,108334.92
2008.0,Lake,48804.55
2008.0,Lassen,22155.09
2008.0,Los Angeles,9926639.39
2008.0,Madera,129800.35
2008.0,Marin,210849.43
2008.0,Mariposa,12830.46
2008.0,Mendocino,65401.13
2008.0,Merced,238882.52
2008.0,Mono,28014.93
2008.0,Monterey,387386.57
2008.0,Napa,135517.62
2008.0,Nevada,56210.8
2008.0,Orange,3202870.04
2008.0,Placer,251583.13
2008.0,Plumas,56.41
2008.0,Riverside,2075923.75
2008.0,Sacramento,1117330.59
2008.0,San Benito,48794.94
2008.0,San Bernardino,1943398.93
2008.0,San Diego,3413957.15
2008.0,San Francisco,594660.37
2008.0,San Joaquin,699621.14
2008.0,San Luis Obispo,236892.0
2008.0,San Mateo,655537.5
2008.0,Santa Barbara,422605.03
2008.0,Santa Clara,1363751.11
2008.0,Santa Cruz,186303.52
2008.0,Shasta,167685.25
2008.0,Sierra,2759.0
2008.0,Siskiyou,32440.3
2008.0,Solano,388312.79
2008.0,Sonoma,400310.63
2008.0,Stanislaus,287700.06
2008.0,Tehama,44438.3
2008.0,Trinity,8016.73
2008.0,Tulare,354404.17
2008.0,Tuolumne,43291.76
2008.0,Ventura,869250.02
2008.0,Yolo,185050.31
2008.0,Yuba,136830.69
2009.0,Alameda,1246311.26
2009.0,Alpine,1301.4
2009.0,Amador,35134.5
2009.0,Butte,174646.05
2009.0,Calaveras,34121.28
2009.0,Colusa,20896.41
2009.0,Contra Costa,726077.11
2009.0,Del Norte,22.48
2009.0,El Dorado,96471.59
2009.0,Fresno,678890.74
2009.0,Glenn,20878.98
2009.0,Humboldt,72032.76
2009.0,Imperial,206589.27
2009.0,Inyo,17607.38
2009.0,Kern,752752.16
2009.0,Kings,98501.63
2009.0,Lake,42824.32
2009.0,Lassen,20609.03
2009.0,Los Angeles,8688818.26
2009.0,Madera,120676.23
2009.0,Marin,179919.32
2009.0,Mariposa,11330.11
2009.0,Mendocino,52476.78
2009.0,Merced,224097.99
2009.0,Modoc,18.58
2009.0,Mono,22171.11
2009.0,Monterey,351205.0
2009.0,Napa,101233.35
2009.0,Nevada,53534.04
2009.0,Orange,2855407.1
2009.0,Placer,223401.68
2009.0,Plumas,93.59
2009.0,Riverside,1755725.42
2009.0,Sacramento,955088.0
2009.0,San Benito,49909.49
2009.0,San Bernardino,1609726.05
2009.0,San Diego,3081141.78
2009.0,San Francisco,484812.04
2009.0,San Joaquin,592075.35
2009.0,San Luis Obispo,231439.04
2009.0,San Mateo,586003.27
2009.0,Santa Barbara,362935.47
2009.0,Santa Clara,1189285.92
2009.0,Santa Cruz,168341.91
2009.0,Shasta,151137.51
2009.0,Sierra,2102.08
2009.0,Siskiyou,29197.87
2009.0,Solano,339322.32
2009.0,Sonoma,351715.35
2009.0,Stanislaus,189607.58
2009.0,Tehama,41593.54
2009.0,Trinity,7683.0
2009.0,Tulare,319190.04
2009.0,Tuolumne,40617.06
2009.0,Ventura,783285.17
2009.0,Yolo,160955.81
2009.0,Yuba,127629.07
2010.0,Alameda,1152323.9
2010.0,Alpine,1190.93
2010.0,Amador,32010.01
2010.0,Butte,184965.59
2010.0,Calaveras,36446.62
2010.0,Colusa,22462.21
2010.0,Contra Costa,718862.2
2010.0,Del Norte,112.47
2010.0,El Dorado,87374.28
2010.0,Fresno,684548.02
2010.0,Glenn,19708.39
2010.0,Humboldt,64615.59
2010.0,Imperial,242204.21
2010.0,Inyo,24661.15
2010.0,Kern,753447.27
2010.0,Kings,96728.43
2010.0,Lake,41147.98
2010.0,Lassen,19887.42
2010.0,Los Angeles,8264268.73
2010.0,Madera,118507.7
2010.0,Marin,180106.09
2010.0,Mariposa,12009.73
2010.0,Mendocino,48519.59
2010.0,Merced,212516.51
2010.0,Mono,20649.36
2010.0,Monterey,344983.14
2010.0,Napa,114851.1
2010.0,Nevada,53225.73
2010.0,Orange,2803813.17
2010.0,Placer,218358.1
2010.0,Plumas,36.27
2010.0,Riverside,1782985.78
2010.0,Sacramento,954053.07
2010.0,San Benito,52729.01
2010.0,San Bernardino,1591512.22
2010.0,San Diego,2987483.79
2010.0,San Francisco,455331.84
2010.0,San Joaquin,601819.62
2010.0,San Luis Obispo,226987.06
2010.0,San Mateo,557625.81
2010.0,Santa Barbara,339739.77
2010.0,Santa Clara,1170683.29
2010.0,Santa Cruz,169540.46
2010.0,Shasta,147126.52
2010.0,Sierra,2559.0
2010.0,Siskiyou,29321.42
2010.0,Solano,327992.23
2010.0,Sonoma,362763.18
2010.0,Stanislaus,217738.02
2010.0,Tehama,67376.14
2010.0,Trinity,7383.6
2010.0,Tulare,311870.94
2010.0,Tuolumne,40055.71
2010.0,Ventura,778313.49
2010.0,Yolo,159845.53
2010.0,Yuba,127258.24
2011.0,Alameda,1090342.95
2011.0,Alpine,1356.18
2011.0,Amador,30471.43
2011.0,Butte,186185.5
2011.0,Calaveras,35423.59
2011.0,Colusa,21237.98
2011.0,Contra Costa,673905.37
2011.0,Del Norte,23.51
2011.0,El Dorado,91100.75
2011.0,Fresno,677032.37
2011.0,Glenn,18770.37
2011.0,Humboldt,62924.24
2011.0,Imperial,213687.88
2011.0,Inyo,25627.42
2011.0,Kern,757014.43
2011.0,Kings,101081.8
2011.0,Lake,40844.84
2011.0,Lassen,19815.53
2011.0,Los Angeles,8233623.28
2011.0,Madera,111497.17
2011.0,Marin,174514.28
2011.0,Mariposa,13129.64
2011.0,Mendocino,50934.01
2011.0,Merced,209846.95
2011.0,Modoc,15.19
2011.0,Mono,21420.69
2011.0,Monterey,326933.83
2011.0,Napa,106196.24
2011.0,Nevada,50581.11
2011.0,Orange,2719237.41
2011.0,Placer,211007.34
2011.0,Plumas,157.98
2011.0,Riverside,1747413.67
2011.0,Sacramento,991936.12
2011.0,San Benito,52459.01
2011.0,San Bernardino,1555110.15
2011.0,San Diego,3045133.39
2011.0,San Francisco,446634.73
2011.0,San Joaquin,596701.01
2011.0,San Luis Obispo,228975.65
2011.0,San Mateo,518257.97
2011.0,Santa Barbara,329227.2
2011.0,Santa Clara,1126235.41
2011.0,Santa Cruz,164883.37
2011.0,Shasta,153079.06
2011.0,Sierra,2122.53
2011.0,Siskiyou,29548.55
2011.0,Solano,312759.52
2011.0,Sonoma,326937.19
2011.0,Stanislaus,207355.0
2011.0,Tehama,204634.17
2011.0,Trinity,7741.88
2011.0,Tulare,311982.44
2011.0,Tuolumne,37695.26
2011.0,Ventura,769624.5
2011.0,Yolo,148232.59
2011.0,Yuba,128421.59
2012.0,Alameda,1147859.1
2012.0,Alpine,1268.69
2012.0,Amador,27455.56
2012.0,Butte,196630.71
2012.0,Calaveras,32695.09
2012.0,Colusa,22037.04
2012.0,Contra Costa,667929.88
2012.0,Del Norte,79.7
2012.0,El Dorado,91232.53
2012.0,Fresno,654835.82
2012.0,Glenn,19116.67
2012.0,Humboldt,58629.6
2012.0,Imperial,178914.89
2012.0,Inyo,20397.11
2012.0,Kern,777434.08
2012.0,Kings,94750.33
2012.0,Lake,35627.91
2012.0,Lassen,17978.85
2012.0,Los Angeles,8141712.49
2012.0,Madera,117353.94
2012.0,Marin,180704.22
2012.0,Mariposa,11362.37
2012.0,Mendocino,51224.14
2012.0,Merced,201860.63
2012.0,Modoc,107.91
2012.0,Mono,21364.37
2012.0,Monterey,326003.19
2012.0,Napa,99518.12
2012.0,Nevada,33834.64
2012.0,Orange,2695717.76
2012.0,Placer,208360.03
2012.0,Plumas,140.87
2012.0,Riverside,1744578.5
2012.0,Sacramento,957194.03
2012.0,San Benito,55803.38
2012.0,San Bernardino,1492333.67
2012.0,San Diego,2875287.88
2012.0,San Francisco,454570.16
2012.0,San Joaquin,580940.63
2012.0,San Luis Obispo,215344.52
2012.0,San Mateo,530811.86
2012.0,Santa Barbara,335185.84
2012.0,Santa Clara,1108511.62
2012.0,Santa Cruz,163579.27
2012.0,Shasta,145029.86
2012.0,Sierra,2136.47
2012.0,Siskiyou,28318.43
2012.0,Solano,307847.84
2012.0,Sonoma,307763.99
2012.0,Stanislaus,214240.84
2012.0,Tehama,41905.92
2012.0,Trinity,7473.19
2012.0,Tulare,307910.38
2012.0,Tuolumne,35480.65
2012.0,Ventura,774173.26
2012.0,Yolo,152387.1
2012.0,Yuba,125012.45
2013.0,Alameda,1143318.37
2013.0,Alpine,1239.15
2013.0,Amador,28787.17
2013.0,Butte,175327.17
2013.0,Calaveras,32025.87
2013.0,Colusa,17464.65
2013.0,Contra Costa,672004.34
2013.0,Del Norte,169.07
2013.0,El Dorado,94553.21
2013.0,Fresno,689001.35
2013.0,Glenn,20682.58
2013.0,Humboldt,58983.29
2013.0,Imperial,204137.64
2013.0,Inyo,19426.51
2013.0,Kern,759117.23
2013.0,Kings,81871.38
2013.0,Lake,38644.11
2013.0,Lassen,18116.18
2013.0,Los Angeles,8266414.53
2013.0,Madera,114475.64
2013.0,Marin,184470.54
2013.0,Mariposa,15418.69
2013.0,Mendocino,56428.99
2013.0,Merced,207821.74
2013.0,Modoc,17.14
2013.0,Mono,19781.73
2013.0,Monterey,339611.11
2013.0,Napa,106555.83
2013.0,Nevada,4416.24
2013.0,Orange,2757702.88
2013.0,Placer,223489.86
2013.0,Plumas,217.58
2013.0,Riverside,1843028.07
2013.0,Sacramento,1043908.12
2013.0,San Benito,54190.84
2013.0,San Bernardino,1571158.05
2013.0,San Diego,3007350.6
2013.0,San Francisco,476423.83
2013.0,San Joaquin,614665.98
2013.0,San Luis Obispo,234917.78
2013.0,San Mateo,543722.63
2013.0,Santa Barbara,362229.03
2013.0,Santa Clara,1133189.22
2013.0,Santa Cruz,161813.83
2013.0,Shasta,163217.23
2013.0,Sierra,2461.0
2013.0,Siskiyou,26778.62
2013.0,Solano,323276.45
2013.0,Sonoma,322066.71
2013.0,Stanislaus,226461.64
2013.0,Tehama,45324.38
2013.0,Trinity,8294.18
2013.0,Tulare,314520.55
2013.0,Tuolumne,37167.14
2013.0,Ventura,793453.88
2013.0,Yolo,156528.51
2013.0,Yuba,129117.49
2014.0,Alameda,1106585.54
2014.0,Alpine,1061.34
2014.0,Amador,27624.29
2014.0,Butte,177142.17
2014.0,Calaveras,31741.23
2014.0,Colusa,20434.8
2014.0,Contra Costa,686132.71
2014.0,Del Norte,118.9
2014.0,El Dorado,97785.72
2014.0,Fresno,718490.89
2014.0,Glenn,20236.34
2014.0,Humboldt,54381.8
2014.0,Imperial,186888.14
2014.0,Inyo,16994.08
2014.0,Kern,787137.62
2014.0,Kings,95219.91
2014.0,Lake,37416.9
2014.0,Lassen,19859.51
2014.0,Los Angeles,8506648.68
2014.0,Madera,110732.89
2014.0,Marin,177022.31
2014.0,Mariposa,12486.86
2014.0,Mendocino,55097.79
2014.0,Merced,234381.52
2014.0,Modoc,4.23
2014.0,Mono,18770.43
2014.0,Monterey,348283.01
2014.0,Napa,120497.74
2014.0,Nevada,6054.23
2014.0,Orange,2893518.08
2014.0,Placer,227722.65
2014.0,Plumas,367.28
2014.0,Riverside,1897263.69
2014.0,Sacramento,1056532.55
2014.0,San Benito,50505.18
2014.0,San Bernardino,1589490.38
2014.0,San Diego,3131969.45
2014.0,San Francisco,529474.27
2014.0,San Joaquin,639175.86
2014.0,San Luis Obispo,243378.01
2014.0,San Mateo,550663.05
2014.0,Santa Barbara,353131.21
2014.0,Santa Clara,1244464.37
2014.0,Santa Cruz,171722.01
2014.0,Shasta,155573.8
2014.0,Sierra,2907.29
2014.0,Siskiyou,22660.44
2014.0,Solano,331940.8
2014.0,Sonoma,326267.14
2014.0,Stanislaus,243275.64
2014.0,Tehama,47692.02
2014.0,Trinity,7515.39
2014.0,Tulare,330722.3
2014.0,Tuolumne,35498.64
2014.0,Ventura,804930.55
2014.0,Yolo,170524.89
2014.0,Yuba,137785.73
2015.0,Alameda,1130785.92
2015.0,Alpine,909.33
2015.0,Amador,31240.35
2015.0,Butte,181432.62
2015.0,Calaveras,57038.54
2015.0,Colusa,20587.23
2015.0,Contra Costa,719149.18
2015.0,Del Norte,47.33
2015.0,El Dorado,91685.93
2015.0,Fresno,765405.56
2015.0,Glenn,20038.12
2015.0,Humboldt,61044.27
2015.0,Imperial,174754.22
2015.0,Inyo,16816.15
2015.0,Kern,858872.99
2015.0,Kings,95858.73
2015.0,Lake,189645.23
2015.0,Lassen,20780.86
2015.0,Los Angeles,9050134.96
2015.0,Madera,122948.37
2015.0,Marin,188106.43
2015.0,Mariposa,12084.0
2015.0,Mendocino,65688.07
2015.0,Merced,233899.07
2015.0,Modoc,2.4
2015.0,Mono,22026.03
2015.0,Monterey,365031.05
2015.0,Napa,124258.7
2015.0,Nevada,7813.22
2015.0,Orange,3013489.3
2015.0,Placer,244973.64
2015.0,Plumas,740.39
2015.0,Riverside,2037162.81
2015.0,Sacramento,1121085.93
2015.0,San Benito,72448.88
2015.0,San Bernardino,1670832.88
2015.0,San Diego,3296372.52
2015.0,San Francisco,590100.0
2015.0,San Joaquin,684297.79
2015.0,San Luis Obispo,255724.73
2015.0,San Mateo,583989.7
2015.0,Santa Barbara,388220.85
2015.0,Santa Clara,1335115.88
2015.0,Santa Cruz,191746.24
2015.0,Shasta,164822.98
2015.0,Sierra,2244.39
2015.0,Siskiyou,101.15
2015.0,Solano,351731.47
2015.0,Sonoma,388362.5
2015.0,Stanislaus,308928.95
2015.0,Tehama,50252.25
2015.0,Trinity,9529.34
2015.0,Tulare,345785.53
2015.0,Tuolumne,37022.26
2015.0,Ventura,851242.59
2015.0,Yolo,169242.78
2015.0,Yuba,129424.37
2016.0,Alameda,1188438.89
2016.0,Alpine,750.57
2016.0,Amador,31807.79
2016.0,Butte,196732.68
2016.0,Calaveras,142755.94
2016.0,Colusa,23515.26
2016.0,Contra Costa,767644.05
2016.0,Del Norte,73.44
2016.0,El Dorado,109932.55
2016.0,Fresno,835765.63
2016.0,Glenn,21724.37
2016.0,Humboldt,72498.15
2016.0,Imperial,215913.1
2016.0,Inyo,19636.89
2016.0,Kern,938463.36
2016.0,Kings,100253.25
2016.0,Lake,133316.01
2016.0,Lassen,19875.82
2016.0,Los Angeles,9625184.38
2016.0,Madera,138479.25
2016.0,Marin,223071.2
2016.0,Mariposa,14394.18
2016.0,Mendocino,62372.16
2016.0,Merced,249437.25
2016.0,Modoc,5.26
2016.0,Mono,22223.79
2016.0,Monterey,406045.04
2016.0,Napa,129346.34
2016.0,Nevada,4353.64
2016.0,Orange,3087161.18
2016.0,Placer,266427.85
2016.0,Plumas,173.77
2016.0,Riverside,2158648.41
2016.0,Sacramento,1205624.42
2016.0,San Benito,74475.25
2016.0,San Bernardino,1728326.52
2016.0,San Diego,3317215.85
2016.0,San Francisco,600231.49
2016.0,San Joaquin,746048.6
2016.0,San Luis Obispo,299713.14
2016.0,San Mateo,597070.92
2016.0,Santa Barbara,415705.68
2016.0,Santa Clara,1366218.25
2016.0,Santa Cruz,210993.77
2016.0,Shasta,177336.64
2016.0,Sierra,2674.81
2016.0,Siskiyou,335.36
2016.0,Solano,430608.57
2016.0,Sonoma,427352.92
2016.0,Stanislaus,340413.58
2016.0,Tehama,61476.21
2016.0,Trinity,9751.49
2016.0,Tulare,374898.1
2016.0,Tuolumne,42223.46
2016.0,Ventura,866500.73
2016.0,Yolo,178641.2
2016.0,Yuba,135728.66
2017.0,Alameda,1381330.35
2017.0,Alpine,386.71
2017.0,Amador,37132.06
2017.0,Butte,223223.53
2017.0,Calaveras,37393.33
2017.0,Colusa,24597.39
2017.0,Contra Costa,801279.7
2017.0,Del Norte,193.98
2017.0,El Dorado,101875.61
2017.0,Fresno,854067.62
2017.0,Glenn,19998.98
2017.0,Humboldt,65795.21
2017.0,Imperial,172875.44
2017.0,Inyo,20815.9
2017.0,Kern,985249.96
2017.0,Kings,107610.53
2017.0,Lake,98386.84
2017.0,Lassen,21098.71
2017.0,Los Angeles,10170204.87
2017.0,Madera,136635.62
2017.0,Marin,231661.88
2017.0,Mariposa,34559.43
2017.0,Mendocino,91985.27
2017.0,Merced,268648.65
2017.0,Modoc,18.29
2017.0,Mono,23814.65
2017.0,Monterey,445145.77
2017.0,Napa,188270.06
2017.0,Nevada,19861.38
2017.0,Orange,3262162.12
2017.0,Placer,291106.66
2017.0,Plumas,263.56
2017.0,Riverside,2322650.95
2017.0,Sacramento,1359861.76
2017.0,San Benito,80251.56
2017.0,San Bernardino,1850456.16
2017.0,San Diego,3424269.04
2017.0,San Francisco,626997.05
2017.0,San Joaquin,824601.15
2017.0,San Luis Obispo,310405.29
2017.0,San Mateo,612396.85
2017.0,Santa Barbara,417420.87
2017.0,Santa Clara,1475585.74
2017.0,Santa Cruz,213359.01
2017.0,Shasta,197638.43
2017.0,Sierra,1288.07
2017.0,Siskiyou,305.48
2017.0,Solano,472685.59
2017.0,Sonoma,948776.88
2017.0,Stanislaus,336099.58
2017.0,Tehama,61808.91
2017.0,Trinity,28012.22
2017.0,Tulare,439237.04
2017.0,Tuolumne,45119.88
2017.0,Ventura,922012.68
2017.0,Yolo,188960.55
2017.0,Yuba,171346.24
2018.0,Alameda,1342490.34
2018.0,Alpine,566.91
2018.0,Amador,37919.99
2018.0,Butte,206845.92
2018.0,Calaveras,39863.54
2018.0,Colusa,23694.38
2018.0,Contra Costa,875888.03
2018.0,Del Norte,203.33
2018.0,El Dorado,121330.43
2018.0,Fresno,879889.39
2018.0,Glenn,22908.18
2018.0,Humboldt,27242.27
2018.0,Imperial,152344.85
2018.0,Inyo,20887.42
2018.0,Kern,1036037.57
2018.0,Kings,108805.04
2018.0,Lake,92765.92
2018.0,Lassen,20759.04
2018.0,Los Angeles,10417283.86
2018.0,Madera,143714.94
2018.0,Marin,250465.71
2018.0,Mariposa,13706.04
2018.0,Mendocino,122166.7
2018.0,Merced,264643.71
2018.0,Modoc,60.61
2018.0,Mono,23082.11
2018.0,Monterey,454561.78
2018.0,Napa,231472.15
2018.0,Nevada,6487.96
2018.0,Orange,3351214.16
2018.0,Placer,303921.17
2018.0,Plumas,261.0
2018.0,Riverside,2442097.02
2018.0,Sacramento,1362828.22
2018.0,San Benito,86457.14
2018.0,San Bernardino,1938900.18
2018.0,San Diego,3548653.61
2018.0,San Francisco,739690.89
2018.0,San Joaquin,903737.21
2018.0,San Luis Obispo,290200.69
2018.0,San Mateo,598840.14
2018.0,Santa Barbara,455075.02
2018.0,Santa Clara,1513136.01
2018.0,Santa Cruz,225452.04
2018.0,Shasta,623720.2
2018.0,Siskiyou,3439.56
2018.0,Solano,442008.48
2018.0,Sonoma,1245678.97
2018.0,Stanislaus,391722.74
2018.0,Tehama,59132.46
2018.0,Trinity,7633.0
2018.0,Tulare,423906.9
2018.0,Tuolumne,45826.26
2018.0,Ventura,1195379.71
2018.0,Yolo,195258.12
2018.0,Yuba,153207.89
2019.0,Alameda,1465263.51
2019.0,Alpine,566.18
2019.0,Amador,35768.39
2019.0,Butte,1818063.23
2019.0,Calaveras,35660.9
2019.0,Colusa,23744.31
2019.0,Contra Costa,794518.98
2019.0,Del Norte,88.71
2019.0,El Dorado,121490.25
2019.0,Fresno,964982.11
2019.0,Glenn,81573.78
2019.0,Humboldt,23039.6
2019.0,Imperial,135092.23
2019.0,Inyo,18035.53
2019.0,Kern,1086243.73
2019.0,Kings,115397.98
2019.0,Lake,53244.27
2019.0,Lassen,22338.23
2019.0,Los Angeles,11141950.72
2019.0,Madera,158630.22
2019.0,Marin,241254.45
2019.0,Mariposa,27390.23
2019.0,Mendocino,48914.65
2019.0,Merced,277454.07
2019.0,Modoc,11537.13
2019.0,Mono,27669.37
2019.0,Monterey,516537.48
2019.0,Napa,180694.75
2019.0,Nevada,9022.35
2019.0,Orange,3373309.25
2019.0,Placer,281556.39
2019.0,Plumas,173.99
2019.0,Riverside,2515629.02
2019.0,Sacramento,1406241.62
2019.0,San Benito,88184.37
2019.0,San Bernardino,1978070.48
2019.0,San Diego,3200806.27
2019.0,San Francisco,713009.58
2019.0,San Joaquin,880241.79
2019.0,San Luis Obispo,288432.48
2019.0,San Mateo,623371.35
2019.0,Santa Barbara,435073.91
2019.0,Santa Clara,1452222.43
2019.0,Santa Cruz,234708.67
2019.0,Shasta,200160.07
2019.0,Sierra,15.34
2019.0,Siskiyou,951.74
2019.0,Solano,437553.11
2019.0,Sonoma,472841.01
2019.0,Stanislaus,365579.18
2019.0,Tehama,66278.44
2019.0,Trinity,8752.43
2019.0,Tulare,446633.6
2019.0,Tuolumne,46559.93
2019.0,Ventura,1003051.31
2019.0,Yolo,192255.23
2019.0,Yuba,169463.51
2020.0,Alameda,1388986.9465000003
2020.0,Alpine,1337.5104999999999
2020.0,Amador,36809.86450000001
2020.0,Butte,281785.144
2020.0,Calaveras,45511.5155
2020.0,Colusa,21808.823500000002
2020.0,Contra Costa,839256.8254999999
2020.0,Del Norte,5620.403157894737
2020.0,El Dorado,77482.43299999999
2020.0,Fresno,810387.37
2020.0,Glenn,23859.8825
2020.0,Humboldt,54256.91900000001
2020.0,Imperial,208598.91550000006
2020.0,Inyo,18762.658000000003
2020.0,Kern,832319.5064999999
2020.0,Kings,104198.94450000001
2020.0,Lake,62523.634
2020.0,Lassen,20423.3935
2020.0,Los Angeles,10352713.0705
2020.0,Madera,125894.62149999998
2020.0,Marin,213277.7895
2020.0,Mariposa,14801.054999999997
2020.0,Mendocino,66869.63399999999
2020.0,Merced,240725.82450000002
2020.0,Modoc,988.4174999999999
2020.0,Mono,26050.0895
2020.0,Monterey,404299.711
2020.0,Napa,150925.68550000002
2020.0,Nevada,34170.299999999996
2020.0,Orange,3367982.0604999997
2020.0,Placer,258892.56699999995
2020.0,Plumas,413.5380000000001
2020.0,Riverside,2064610.1110000007
2020.0,Sacramento,1173259.957
2020.0,San Benito,62998.202000000005
2020.0,San Bernardino,1862851.1509999998
2020.0,San Diego,3461253.6385000004
2020.0,San Francisco,630480.7145000001
2020.0,San Joaquin,723226.507
2020.0,San Luis Obispo,264230.4505
2020.0,San Mateo,660699.603
2020.0,Santa Barbara,432726.1545
2020.0,Santa Clara,1362623.704
2020.0,Santa Cruz,209004.93050000002
2020.0,Shasta,193922.078
2020.0,Sierra,2491.0042105263155
2020.0,Siskiyou,19177.604
2020.0,Solano,396108.9565
2020.0,Sonoma,503024.0805
2020.0,Stanislaus,278097.70050000004
2020.0,Tehama,59638.42
2020.0,Trinity,8775.4345
2020.0,Tulare,363623.3795
2020.0,Tuolumne,36964.053
2020.0,Ventura,910419.4865
2020.0,Yolo,182288.1205
2020.0,Yuba,137813.69100000002
2021.0,Alameda,1388986.9465000003
2021.0,Alpine,1337.5104999999999
2021.0,Amador,36809.86450000001
2021.0,Butte,281785.144
2021.0,Calaveras,45511.5155
2021.0,Colusa,21808.823500000002
2021.0,Contra Costa,839256.8254999999
2021.0,Del Norte,5620.403157894737
2021.0,El Dorado,77482.43299999999
2021.0,Fresno,810387.37
2021.0,Glenn,23859.8825
2021.0,Humboldt,54256.91900000001
2021.0,Imperial,208598.91550000006
2021.0,Inyo,18762.658000000003
2021.0,Kern,832319.5064999999
2021.0,Kings,104198.94450000001
2021.0,Lake,62523.634
2021.0,Lassen,20423.3935
2021.0,Los Angeles,10352713.0705
2021.0,Madera,125894.62149999998
2021.0,Marin,213277.7895
2021.0,Mariposa,14801.054999999997
2021.0,Mendocino,66869.63399999999
2021.0,Merced,240725.82450000002
2021.0,Modoc,988.4174999999999
2021.0,Mono,26050.0895
2021.0,Monterey,404299.711
2021.0,Napa,150925.68550000002
2021.0,Nevada,34170.299999999996
2021.0,Orange,3367982.0604999997
2021.0,Placer,258892.56699999995
2021.0,Plumas,413.5380000000001
2021.0,Riverside,2064610.1110000007
2021.0,Sacramento,1173259.957
2021.0,San Benito,62998.202000000005
2021.0,San Bernardino,1862851.1509999998
2021.0,San Diego,3461253.6385000004
2021.0,San Francisco,630480.7145000001
2021.0,San Joaquin,723226.507
2021.0,San Luis Obispo,264230.4505
2021.0,San Mateo,660699.603
2021.0,Santa Barbara,432726.1545
2021.0,Santa Clara,1362623.704
2021.0,Santa Cruz,209004.93050000002
2021.0,Shasta,193922.078
2021.0,Sierra,2491.0042105263155
2021.0,Siskiyou,19177.604
2021.0,Solano,396108.9565
2021.0,Sonoma,503024.0805
2021.0,Stanislaus,278097.70050000004
2021.0,Tehama,59638.42
2021.0,Trinity,8775.4345
2021.0,Tulare,363623.3795
2021.0,Tuolumne,36964.053
2021.0,Ventura,910419.4865
2021.0,Yolo,182288.1205
2021.0,Yuba,137813.69100000002
2022.0,Alameda,1388986.9465000003
2022.0,Alpine,1337.5104999999999
2022.0,Amador,36809.86450000001
2022.0,Butte,281785.144
2022.0,Calaveras,45511.5155
2022.0,Colusa,21808.823500000002
2022.0,Contra Costa,839256.8254999999
2022.0,Del Norte,5620.403157894737
2022.0,El Dorado,77482.43299999999
2022.0,Fresno,810387.37
2022.0,Glenn,23859.8825
2022.0,Humboldt,54256.91900000001
2022.0,Imperial,208598.91550000006
2022.0,Inyo,18762.658000000003
2022.0,Kern,832319.5064999999
2022.0,Kings,104198.94450000001
2022.0,Lake,62523.634
2022.0,Lassen,20423.3935
2022.0,Los Angeles,10352713.0705
2022.0,Madera,125894.62149999998
2022.0,Marin,213277.7895
2022.0,Mariposa,14801.054999999997
2022.0,Mendocino,66869.63399999999
2022.0,Merced,240725.82450000002
2022.0,Modoc,988.4174999999999
2022.0,Mono,26050.0895
2022.0,Monterey,404299.711
2022.0,Napa,150925.68550000002
2022.0,Nevada,34170.299999999996
2022.0,Orange,3367982.0604999997
2022.0,Placer,258892.56699999995
2022.0,Plumas,413.5380000000001
2022.0,Riverside,2064610.1110000007
2022.0,Sacramento,1173259.957
2022.0,San Benito,62998.202000000005
2022.0,San Bernardino,1862851.1509999998
2022.0,San Diego,3461253.6385000004
2022.0,San Francisco,630480.7145000001
2022.0,San Joaquin,723226.507
2022.0,San Luis Obispo,264230.4505
2022.0,San Mateo,660699.603
2022.0,Santa Barbara,432726.1545
2022.0,Santa Clara,1362623.704
2022.0,Santa Cruz,209004.93050000002
2022.0,Shasta,193922.078
2022.0,Sierra,2491.0042105263155
2022.0,Siskiyou,19177.604
2022.0,Solano,396108.9565
2022.0,Sonoma,503024.0805
2022.0,Stanislaus,278097.70050000004
2022.0,Tehama,59638.42
2022.0,Trinity,8775.4345
2022.0,Tulare,363623.3795
2022.0,Tuolumne,36964.053
2022.0,Ventura,910419.4865
2022.0,Yolo,182288.1205
2022.0,Yuba,137813.69100000002
2023.0,Alameda,1388986.9465000003
2023.0,Alpine,1337.5104999999999
2023.0,Amador,36809.86450000001
2023.0,Butte,281785.144
2023.0,Calaveras,45511.5155
2023.0,Colusa,21808.823500000002
2023.0,Contra Costa,839256.8254999999
2023.0,Del Norte,5620.403157894737
2023.0,El Dorado,77482.43299999999
2023.0,Fresno,810387.37
2023.0,Glenn,23859.8825
2023.0,Humboldt,54256.91900000001
2023.0,Imperial,208598.91550000006
2023.0,Inyo,18762.658000000003
2023.0,Kern,832319.5064999999
2023.0,Kings,104198.94450000001
2023.0,Lake,62523.634
2023.0,Lassen,20423.3935
2023.0,Los Angeles,10352713.0705
2023.0,Madera,125894.62149999998
2023.0,Marin,213277.7895
2023.0,Mariposa,14801.054999999997
2023.0,Mendocino,66869.63399999999
2023.0,Merced,240725.82450000002
2023.0,Modoc,988.4174999999999
2023.0,Mono,26050.0895
2023.0,Monterey,404299.711
2023.0,Napa,150925.68550000002
2023.0,Nevada,34170.299999999996
2023.0,Orange,3367982.0604999997
2023.0,Placer,258892.56699999995
2023.0,Plumas,413.5380000000001
2023.0,Riverside,2064610.1110000007
2023.0,Sacramento,1173259.957
2023.0,San Benito,62998.202000000005
2023.0,San Bernardino,1862851.1509999998
2023.0,San Diego,3461253.6385000004
2023.0,San Francisco,630480.7145000001
2023.0,San Joaquin,723226.507
2023.0,San Luis Obispo,264230.4505
2023.0,San Mateo,660699.603
2023.0,Santa Barbara,432726.1545
2023.0,Santa Clara,1362623.704
2023.0,Santa Cruz,209004.93050000002
2023.0,Shasta,193922.078
2023.0,Sierra,2491.0042105263155
2023.0,Siskiyou,19177.604
2023.0,Solano,396108.9565
2023.0,Sonoma,503024.0805
2023.0,Stanislaus,278097.70050000004
2023.0,Tehama,59638.42
2023.0,Trinity,8775.4345
2023.0,Tulare,363623.3795
2023.0,Tuolumne,36964.053
2023.0,Ventura,910419.4865
2023.0,Yolo,182288.1205
2023.0,Yuba,137813.69100000002
2024.0,Alameda,1388986.9465000003
2024.0,Alpine,1337.5104999999999
2024.0,Amador,36809.86450000001
2024.0,Butte,281785.144
2024.0,Calaveras,45511.5155
2024.0,Colusa,21808.823500000002
2024.0,Contra Costa,839256.8254999999
2024.0,Del Norte,5620.403157894737
2024.0,El Dorado,77482.43299999999
2024.0,Fresno,810387.37
2024.0,Glenn,23859.8825
2024.0,Humboldt,54256.91900000001
2024.0,Imperial,208598.91550000006
2024.0,Inyo,18762.658000000003
2024.0,Kern,832319.5064999999
2024.0,Kings,104198.94450000001
2024.0,Lake,62523.634
2024.0,Lassen,20423.3935
2024.0,Los Angeles,10352713.0705
2024.0,Madera,125894.62149999998
2024.0,Marin,213277.7895
2024.0,Mariposa,14801.054999999997
2024.0,Mendocino,66869.63399999999
2024.0,Merced,240725.82450000002
2024.0,Modoc,988.4174999999999
2024.0,Mono,26050.0895
2024.0,Monterey,404299.711
2024.0,Napa,150925.68550000002
2024.0,Nevada,34170.299999999996
2024.0,Orange,3367982.0604999997
2024.0,Placer,258892.56699999995
2024.0,Plumas,413.5380000000001
2024.0,Riverside,2064610.1110000007
2024.0,Sacramento,1173259.957
2024.0,San Benito,62998.202000000005
2024.0,San Bernardino,1862851.1509999998
2024.0,San Diego,3461253.6385000004
2024.0,San Francisco,630480.7145000001
2024.0,San Joaquin,723226.507
2024.0,San Luis Obispo,264230.4505
2024.0,San Mateo,660699.603
2024.0,Santa Barbara,432726.1545
2024.0,Santa Clara,1362623.704
2024.0,Santa Cruz,209004.93050000002
2024.0,Shasta,193922.078
2024.0,Sierra,2491.0042105263155
2024.0,Siskiyou,19177.604
2024.0,Solano,396108.9565
2024.0,Sonoma,503024.0805
2024.0,Stanislaus,278097.70050000004
2024.0,Tehama,59638.42
2024.0,Trinity,8775.4345
2024.0,Tulare,363623.3795
2024.0,Tuolumne,36964.053
2024.0,Ventura,910419.4865
2024.0,Yolo,182288.1205
2024.0,Yuba,137813.69100000002
2025.0,Alameda,1388986.9465000003
2025.0,Alpine,1337.5104999999999
2025.0,Amador,36809.86450000001
2025.0,Butte,281785.144
2025.0,Calaveras,45511.5155
2025.0,Colusa,21808.823500000002
2025.0,Contra Costa,839256.8254999999
2025.0,Del Norte,5620.403157894737
2025.0,El Dorado,77482.43299999999
2025.0,Fresno,810387.37
2025.0,Glenn,23859.8825
2025.0,Humboldt,54256.91900000001
2025.0,Imperial,208598.91550000006
2025.0,Inyo,18762.658000000003
2025.0,Kern,832319.5064999999
2025.0,Kings,104198.94450000001
2025.0,Lake,62523.634
2025.0,Lassen,20423.3935
2025.0,Los Angeles,10352713.0705
2025.0,Madera,125894.62149999998
2025.0,Marin,213277.7895
2025.0,Mariposa,14801.054999999997
2025.0,Mendocino,66869.63399999999
2025.0,Merced,240725.82450000002
2025.0,Modoc,988.4174999999999
2025.0,Mono,26050.0895
2025.0,Monterey,404299.711
2025.0,Napa,150925.68550000002
2025.0,Nevada,34170.299999999996
2025.0,Orange,3367982.0604999997
2025.0,Placer,258892.56699999995
2025.0,Plumas,413.5380000000001
2025.0,Riverside,2064610.1110000007
2025.0,Sacramento,1173259.957
2025.0,San Benito,62998.202000000005
2025.0,San Bernardino,1862851.1509999998
2025.0,San Diego,3461253.6385000004
2025.0,San Francisco,630480.7145000001
2025.0,San Joaquin,723226.507
2025.0,San Luis Obispo,264230.4505
2025.0,San Mateo,660699.603
2025.0,Santa Barbara,432726.1545
2025.0,Santa Clara,1362623.704
2025.0,Santa Cruz,209004.93050000002
2025.0,Shasta,193922.078
2025.0,Sierra,2491.0042105263155
2025.0,Siskiyou,19177.604
2025.0,Solano,396108.9565
2025.0,Sonoma,503024.0805
2025.0,Stanislaus,278097.70050000004
2025.0,Tehama,59638.42
2025.0,Trinity,8775.4345
2025.0,Tulare,363623.3795
2025.0,Tuolumne,36964.053
2025.0,Ventura,910419.4865
2025.0,Yolo,182288.1205
2025.0,Yuba,137813.69100000002
2026.0,Alameda,1388986.9465000003
2026.0,Alpine,1337.5104999999999
2026.0,Amador,36809.86450000001
2026.0,Butte,281785.144
2026.0,Calaveras,45511.5155
2026.0,Colusa,21808.823500000002
2026.0,Contra Costa,839256.8254999999
2026.0,Del Norte,5620.403157894737
2026.0,El Dorado,77482.43299999999
2026.0,Fresno,810387.37
2026.0,Glenn,23859.8825
2026.0,Humboldt,54256.91900000001
2026.0,Imperial,208598.91550000006
2026.0,Inyo,18762.658000000003
2026.0,Kern,832319.5064999999
2026.0,Kings,104198.94450000001
2026.0,Lake,62523.634
2026.0,Lassen,20423.3935
2026.0,Los Angeles,10352713.0705
2026.0,Madera,125894.62149999998
2026.0,Marin,213277.7895
2026.0,Mariposa,14801.054999999997
2026.0,Mendocino,66869.63399999999
2026.0,Merced,240725.82450000002
2026.0,Modoc,988.4174999999999
2026.0,Mono,26050.0895
2026.0,Monterey,404299.711
2026.0,Napa,150925.68550000002
2026.0,Nevada,34170.299999999996
2026.0,Orange,3367982.0604999997
2026.0,Placer,258892.56699999995
2026.0,Plumas,413.5380000000001
2026.0,Riverside,2064610.1110000007
2026.0,Sacramento,1173259.957
2026.0,San Benito,62998.202000000005
2026.0,San Bernardino,1862851.1509999998
2026.0,San Diego,3461253.6385000004
2026.0,San Francisco,630480.7145000001
2026.0,San Joaquin,723226.507
2026.0,San Luis Obispo,264230.4505
2026.0,San Mateo,660699.603
2026.0,Santa Barbara,432726.1545
2026.0,Santa Clara,1362623.704
2026.0,Santa Cruz,209004.93050000002
2026.0,Shasta,193922.078
2026.0,Sierra,2491.0042105263155
2026.0,Siskiyou,19177.604
2026.0,Solano,396108.9565
2026.0,Sonoma,503024.0805
2026.0,Stanislaus,278097.70050000004
2026.0,Tehama,59638.42
2026.0,Trinity,8775.4345
2026.0,Tulare,363623.3795
2026.0,Tuolumne,36964.053
2026.0,Ventura,910419.4865
2026.0,Yolo,182288.1205
2026.0,Yuba,137813.69100000002
2027.0,Alameda,1388986.9465000003
2027.0,Alpine,1337.5104999999999
2027.0,Amador,36809.86450000001
2027.0,Butte,281785.144
2027.0,Calaveras,45511.5155
2027.0,Colusa,21808.823500000002
2027.0,Contra Costa,839256.8254999999
2027.0,Del Norte,5620.403157894737
2027.0,El Dorado,77482.43299999999
2027.0,Fresno,810387.37
2027.0,Glenn,23859.8825
2027.0,Humboldt,54256.91900000001
2027.0,Imperial,208598.91550000006
2027.0,Inyo,18762.658000000003
2027.0,Kern,832319.5064999999
2027.0,Kings,104198.94450000001
2027.0,Lake,62523.634
2027.0,Lassen,20423.3935
2027.0,Los Angeles,10352713.0705
2027.0,Madera,125894.62149999998
2027.0,Marin,213277.7895
2027.0,Mariposa,14801.054999999997
2027.0,Mendocino,66869.63399999999
2027.0,Merced,240725.82450000002
2027.0,Modoc,988.4174999999999
2027.0,Mono,26050.0895
2027.0,Monterey,404299.711
2027.0,Napa,150925.68550000002
2027.0,Nevada,34170.299999999996
2027.0,Orange,3367982.0604999997
2027.0,Placer,258892.56699999995
2027.0,Plumas,413.5380000000001
2027.0,Riverside,2064610.1110000007
2027.0,Sacramento,1173259.957
2027.0,San Benito,62998.202000000005
2027.0,San Bernardino,1862851.1509999998
2027.0,San Diego,3461253.6385000004
2027.0,San Francisco,630480.7145000001
2027.0,San Joaquin,723226.507
2027.0,San Luis Obispo,264230.4505
2027.0,San Mateo,660699.603
2027.0,Santa Barbara,432726.1545
2027.0,Santa Clara,1362623.704
2027.0,Santa Cruz,209004.93050000002
2027.0,Shasta,193922.078
2027.0,Sierra,2491.0042105263155
2027.0,Siskiyou,19177.604
2027.0,Solano,396108.9565
2027.0,Sonoma,503024.0805
2027.0,Stanislaus,278097.70050000004
2027.0,Tehama,59638.42
2027.0,Trinity,8775.4345
2027.0,Tulare,363623.3795
2027.0,Tuolumne,36964.053
2027.0,Ventura,910419.4865
2027.0,Yolo,182288.1205
2027.0,Yuba,137813.69100000002
2028.0,Alameda,1388986.9465000003
2028.0,Alpine,1337.5104999999999
2028.0,Amador,36809.86450000001
2028.0,Butte,281785.144
2028.0,Calaveras,45511.5155
2028.0,Colusa,21808.823500000002
2028.0,Contra Costa,839256.8254999999
2028.0,Del Norte,5620.403157894737
2028.0,El Dorado,77482.43299999999
2028.0,Fresno,810387.37
2028.0,Glenn,23859.8825
2028.0,Humboldt,54256.91900000001
2028.0,Imperial,208598.91550000006
2028.0,Inyo,18762.658000000003
2028.0,Kern,832319.5064999999
2028.0,Kings,104198.94450000001
2028.0,Lake,62523.634
2028.0,Lassen,20423.3935
2028.0,Los Angeles,10352713.0705
2028.0,Madera,125894.62149999998
2028.0,Marin,213277.7895
2028.0,Mariposa,14801.054999999997
2028.0,Mendocino,66869.63399999999
2028.0,Merced,240725.82450000002
2028.0,Modoc,988.4174999999999
2028.0,Mono,26050.0895
2028.0,Monterey,404299.711
2028.0,Napa,150925.68550000002
2028.0,Nevada,34170.299999999996
2028.0,Orange,3367982.0604999997
2028.0,Placer,258892.56699999995
2028.0,Plumas,413.5380000000001
2028.0,Riverside,2064610.1110000007
2028.0,Sacramento,1173259.957
2028.0,San Benito,62998.202000000005
2028.0,San Bernardino,1862851.1509999998
2028.0,San Diego,3461253.6385000004
2028.0,San Francisco,630480.7145000001
2028.0,San Joaquin,723226.507
2028.0,San Luis Obispo,264230.4505
2028.0,San Mateo,660699.603
2028.0,Santa Barbara,432726.1545
2028.0,Santa Clara,1362623.704
2028.0,Santa Cruz,209004.93050000002
2028.0,Shasta,193922.078
2028.0,Sierra,2491.0042105263155
2028.0,Siskiyou,19177.604
2028.0,Solano,396108.9565
2028.0,Sonoma,503024.0805
2028.0,Stanislaus,278097.70050000004
2028.0,Tehama,59638.42
2028.0,Trinity,8775.4345
2028.0,Tulare,363623.3795
2028.0,Tuolumne,36964.053
2028.0,Ventura,910419.4865
2028.0,Yolo,182288.1205
2028.0,Yuba,137813.69100000002
2029.0,Alameda,1388986.9465000003
2029.0,Alpine,1337.5104999999999
2029.0,Amador,36809.86450000001
2029.0,Butte,281785.144
2029.0,Calaveras,45511.5155
2029.0,Colusa,21808.823500000002
2029.0,Contra Costa,839256.8254999999
2029.0,Del Norte,5620.403157894737
2029.0,El Dorado,77482.43299999999
2029.0,Fresno,810387.37
2029.0,Glenn,23859.8825
2029.0,Humboldt,54256.91900000001
2029.0,Imperial,208598.91550000006
2029.0,Inyo,18762.658000000003
2029.0,Kern,832319.5064999999
2029.0,Kings,104198.94450000001
2029.0,Lake,62523.634
2029.0,Lassen,20423.3935
2029.0,Los Angeles,10352713.0705
2029.0,Madera,125894.62149999998
2029.0,Marin,213277.7895
2029.0,Mariposa,14801.054999999997
2029.0,Mendocino,66869.63399999999
2029.0,Merced,240725.82450000002
2029.0,Modoc,988.4174999999999
2029.0,Mono,26050.0895
2029.0,Monterey,404299.711
2029.0,Napa,150925.68550000002
2029.0,Nevada,34170.299999999996
2029.0,Orange,3367982.0604999997
2029.0,Placer,258892.56699999995
2029.0,Plumas,413.5380000000001
2029.0,Riverside,2064610.1110000007
2029.0,Sacramento,1173259.957
2029.0,San Benito,62998.202000000005
2029.0,San Bernardino,1862851.1509999998
2029.0,San Diego,3461253.6385000004
2029.0,San Francisco,630480.7145000001
2029.0,San Joaquin,723226.507
2029.0,San Luis Obispo,264230.4505
2029.0,San Mateo,660699.603
2029.0,Santa Barbara,432726.1545
2029.0,Santa Clara,1362623.704
2029.0,Santa Cruz,209004.93050000002
2029.0,Shasta,193922.078
2029.0,Sierra,2491.0042105263155
2029.0,Siskiyou,19177.604
2029.0,Solano,396108.9565
2029.0,Sonoma,503024.0805
2029.0,Stanislaus,278097.70050000004
2029.0,Tehama,59638.42
2029.0,Trinity,8775.4345
2029.0,Tulare,363623.3795
2029.0,Tuolumne,36964.053
2029.0,Ventura,910419.4865
2029.0,Yolo,182288.1205
2029.0,Yuba,137813.69100000002
