Year,County,Observed Waste Produced,Predicted Waste Produced
2000.0,Alameda,1676429.25,1402037.6904657288
2000.0,Alpine,745.0,2326.5345782410786
2000.0,Amador,41059.9,31398.477229439817
2000.0,Butte,203896.87,197706.19542184763
2000.0,Calaveras,34110.44,32372.627797298162
2000.0,Colusa,21296.16,15324.42597120942
2000.0,Contra Costa,864091.82,819135.264118894
2000.0,Del Norte,18652.39,15324.42597120942
2000.0,El Dorado,5319.03,44685.00944303459
2000.0,Fresno,763968.5,845661.8076804926
2000.0,Glenn,19557.07,15324.42597120942
2000.0,Humboldt,12577.48,76181.67241865299
2000.0,Imperial,181627.5,177785.59262357425
2000.0,Inyo,16279.46,15324.42597120942
2000.0,Kern,669585.71,713806.3017349975
2000.0,Kings,93873.35,83946.94984495162
2000.0,Lake,46778.52,54445.81768548016
2000.0,Lassen,11491.16,21094.5698529694
2000.0,Los Angeles,12237445.21,12106952.599000003
2000.0,Madera,98321.12,76181.67241865299
2000.0,Marin,216211.18,219444.63452758887
2000.0,Mariposa,12684.09,15324.42597120942
2000.0,Mendocino,59580.17,71686.93166299262
2000.0,Merced,206467.26,224814.4576130406
2000.0,Modoc,72.0,2124.634104556869
2000.0,Mono,27233.44,14951.692663722619
2000.0,Monterey,422302.12,420581.51752543525
2000.0,Napa,133847.31,143128.27319449658
2000.0,Nevada,17350.02,40174.789574661816
2000.0,Orange,3803041.49,3897553.6843333333
2000.0,Placer,213410.5,215964.63151810347
2000.0,Plumas,1310.57,8600.894664284651
2000.0,Riverside,1649413.37,1795996.463818971
2000.0,Sacramento,941057.65,923013.3596636904
2000.0,San Benito,66434.16,58664.80466889621
2000.0,San Bernardino,1762385.98,1870056.8282500003
2000.0,San Diego,3408059.62,3563131.1785000004
2000.0,San Francisco,872707.49,755472.6723567646
2000.0,San Joaquin,677344.35,598581.3142864681
2000.0,San Luis Obispo,257335.62,244109.89361808985
2000.0,San Mateo,911601.44,702492.6203476649
2000.0,Santa Barbara,446328.88,446282.18918495905
2000.0,Santa Clara,1640208.36,1380672.6717129536
2000.0,Santa Cruz,269697.59,211256.62267167488
2000.0,Shasta,171144.66,159130.47707522355
2000.0,Sierra,2820.0,2749.669441301337
2000.0,Siskiyou,15336.5,19871.01685019043
2000.0,Solano,353832.4,372489.1054112577
2000.0,Sonoma,531409.29,505152.8957511696
2000.0,Stanislaus,207878.35,242527.01510202992
2000.0,Tehama,44538.78,51612.17395070718
2000.0,Trinity,5979.43,12987.420669520918
2000.0,Tulare,324877.46,301305.60712609644
2000.0,Tuolumne,1404.87,48545.50515900551
2000.0,Ventura,892546.33,905515.9465833332
2000.0,Yolo,174755.11,181157.79065398124
2000.0,Yuba,134134.2,129213.21593189705
2001.0,Alameda,1629208.38,1591054.2218849203
2001.0,Alpine,728.0,2326.5345782410786
2001.0,Amador,38798.99,32865.04009201292
2001.0,Butte,206093.63,173091.0251385143
2001.0,Calaveras,35812.22,32372.627797298162
2001.0,Colusa,19379.1,15324.42597120942
2001.0,Contra Costa,950434.93,906117.6704002488
2001.0,Del Norte,18769.1,15324.42597120942
2001.0,El Dorado,6828.16,44685.00944303459
2001.0,Fresno,733055.43,845661.8076804926
2001.0,Glenn,18911.44,15324.42597120942
2001.0,Humboldt,9428.74,76181.67241865299
2001.0,Imperial,182587.28,201571.30055439728
2001.0,Inyo,17632.01,15324.42597120942
2001.0,Kern,689430.43,690937.7000339393
2001.0,Kings,97316.36,83946.94984495162
2001.0,Lake,47231.51,57493.50328548016
2001.0,Lassen,12699.22,21094.5698529694
2001.0,Los Angeles,12263807.08,12198184.624
2001.0,Madera,103606.47,76181.67241865299
2001.0,Marin,236557.6,219444.63452758887
2001.0,Mariposa,11729.12,15324.42597120942
2001.0,Mendocino,60053.43,71686.93166299262
2001.0,Merced,213647.28,228365.48027201844
2001.0,Mono,30785.25,17341.86978086847
2001.0,Monterey,421176.42,420581.51752543525
2001.0,Napa,160401.75,147696.38233735372
2001.0,Nevada,18078.37,40174.789574661816
2001.0,Orange,3848148.08,3847063.2563333334
2001.0,Placer,246004.95,214135.3865008621
2001.0,Plumas,1249.2,8600.894664284651
2001.0,Riverside,1739298.57,1577902.3232329371
2001.0,Sacramento,1002216.48,915472.8398779761
2001.0,San Benito,64537.44,58664.80466889621
2001.0,San Bernardino,1888556.78,1880593.4808214288
2001.0,San Diego,3739143.1,3813048.648833333
2001.0,San Francisco,856063.8,803370.2591057381
2001.0,San Joaquin,721085.63,762694.2525800468
2001.0,San Luis Obispo,293688.22,252297.9054740038
2001.0,San Mateo,883177.28,700888.3023960226
2001.0,Santa Barbara,622868.1,471239.1005182924
2001.0,Santa Clara,1545436.62,1380672.6717129536
2001.0,Santa Cruz,246954.49,213407.40239310343
2001.0,Shasta,164453.1,159130.47707522355
2001.0,Sierra,2721.23,2749.669441301337
2001.0,Siskiyou,15770.0,19871.01685019043
2001.0,Solano,412885.1,415232.27338383585
2001.0,Sonoma,543029.49,505152.8957511696
2001.0,Stanislaus,238902.94,245651.34095917278
2001.0,Tehama,44892.98,53664.932682308914
2001.0,Trinity,6120.83,11780.194719835383
2001.0,Tulare,321266.8,321660.5770751396
2001.0,Tuolumne,2375.61,48545.50515900551
2001.0,Ventura,901154.1,905809.0935833333
2001.0,Yolo,185412.5,181648.40930223887
2001.0,Yuba,137442.43,129213.21593189705
2002.0,Alameda,1596803.0,1505055.0080031748
2002.0,Alpine,1155.29,2326.5345782410786
2002.0,Amador,39287.99,32865.04009201292
2002.0,Butte,208188.81,202408.8047833861
2002.0,Calaveras,39106.35,32372.627797298162
2002.0,Colusa,20187.93,15324.42597120942
2002.0,Contra Costa,981267.81,906117.6704002488
2002.0,Del Norte,19136.84,15324.42597120942
2002.0,El Dorado,10513.59,43984.33544303459
2002.0,Fresno,773230.19,845661.8076804926
2002.0,Glenn,20282.57,15324.42597120942
2002.0,Humboldt,16776.21,77090.36189286316
2002.0,Imperial,198479.37,200822.46155439728
2002.0,Inyo,18978.72,15324.42597120942
2002.0,Kern,705725.7,684409.7775101298
2002.0,Kings,101497.68,83946.94984495162
2002.0,Lake,48421.68,60841.33493230556
2002.0,Lassen,20993.16,21094.5698529694
2002.0,Los Angeles,12023878.4,12104849.339000002
2002.0,Madera,106891.38,83946.94984495162
2002.0,Marin,227375.04,219444.63452758887
2002.0,Mariposa,12654.9,15324.42597120942
2002.0,Mendocino,67604.11,71686.93166299262
2002.0,Merced,229705.69,228365.48027201844
2002.0,Mono,27370.09,18495.923915096657
2002.0,Monterey,424477.27,425593.0567004353
2002.0,Napa,184994.82,146021.802607624
2002.0,Nevada,22322.39,40174.789574661816
2002.0,Orange,3796608.31,3914534.514333334
2002.0,Placer,263783.24,223490.92867991613
2002.0,Plumas,1043.45,8499.916914284651
2002.0,Riverside,1845054.81,1870080.836511278
2002.0,Sacramento,1132062.37,1140099.9739285714
2002.0,San Benito,60232.15,58664.80466889621
2002.0,San Bernardino,1931424.51,1923217.9718214287
2002.0,San Diego,3767567.27,3817673.349333334
2002.0,San Francisco,758701.1,760094.7509807382
2002.0,San Joaquin,775174.59,727756.1778242833
2002.0,San Luis Obispo,271239.39,249348.2878736454
2002.0,San Mateo,808867.04,734363.5571856278
2002.0,Santa Barbara,505393.35,446282.18918495905
2002.0,Santa Clara,1416202.52,1380672.6717129536
2002.0,Santa Cruz,240506.58,213407.40239310343
2002.0,Shasta,168947.74,177465.38935933838
2002.0,Sierra,2382.39,2749.669441301337
2002.0,Siskiyou,14672.0,19871.01685019043
2002.0,Solano,424597.5,415232.27338383585
2002.0,Sonoma,538144.06,505152.8957511696
2002.0,Stanislaus,225866.28,256787.42234806166
2002.0,Tehama,48853.16,54445.81768548016
2002.0,Trinity,6892.05,14170.371836981232
2002.0,Tulare,334878.36,329562.4242951396
2002.0,Tuolumne,9137.96,48545.50515900551
2002.0,Ventura,924045.94,915683.1437499998
2002.0,Yolo,187667.02,190914.98078357943
2002.0,Yuba,125448.74,126618.25250765464
2003.0,Alameda,1585190.61,1525505.386049495
2003.0,Alpine,2742.1,2326.5345782410786
2003.0,Amador,43420.22,32865.04009201292
2003.0,Butte,221103.3,226025.72933412562
2003.0,Calaveras,45337.4,32372.627797298162
2003.0,Colusa,20373.2,15324.42597120942
2003.0,Contra Costa,977551.33,911662.7353465075
2003.0,Del Norte,20334.13,15324.42597120942
2003.0,El Dorado,17139.21,44898.20584303459
2003.0,Fresno,945195.61,867625.665868202
2003.0,Glenn,21914.13,15324.42597120942
2003.0,Humboldt,50636.17,77090.36189286316
2003.0,Imperial,229565.95,219569.2093391717
2003.0,Inyo,15034.06,15324.42597120942
2003.0,Kern,858946.03,845661.8076804926
2003.0,Kings,106237.72,98337.97741654541
2003.0,Lake,46425.2,60841.33493230556
2003.0,Lassen,24451.9,21094.5698529694
2003.0,Los Angeles,12312500.12,12144480.054000001
2003.0,Madera,116390.88,83946.94984495162
2003.0,Marin,228782.87,219444.63452758887
2003.0,Mariposa,10531.67,15324.42597120942
2003.0,Mendocino,72256.08,71686.93166299262
2003.0,Merced,249482.13,228365.48027201844
2003.0,Mono,30225.59,18495.923915096657
2003.0,Monterey,426125.77,425593.0567004353
2003.0,Napa,200465.63,146021.802607624
2003.0,Nevada,61530.43,44776.624841328485
2003.0,Orange,3998052.11,4107355.0317142857
2003.0,Placer,292039.76,291907.43611327594
2003.0,Plumas,822.55,8499.916914284651
2003.0,Riverside,2033106.79,2088868.9845695973
2003.0,Sacramento,1346924.28,1286271.5614785715
2003.0,San Benito,65500.81,57812.00870735776
2003.0,San Bernardino,2107128.88,2056476.0735714282
2003.0,San Diego,4000781.99,4075535.2517142864
2003.0,San Francisco,718863.26,760094.7509807382
2003.0,San Joaquin,804404.96,727756.1778242833
2003.0,San Luis Obispo,284651.36,252297.9054740038
2003.0,San Mateo,747374.02,714124.1723957118
2003.0,Santa Barbara,541545.8,446282.18918495905
2003.0,Santa Clara,1412047.82,1370799.4017629535
2003.0,Santa Cruz,242172.75,216495.01692723046
2003.0,Shasta,177741.52,187222.57948893655
2003.0,Sierra,2808.0,2749.669441301337
2003.0,Siskiyou,13160.47,20956.469516857098
2003.0,Solano,456710.49,420243.81255883584
2003.0,Sonoma,544756.34,505152.8957511696
2003.0,Stanislaus,246186.61,271052.06013927044
2003.0,Tehama,52666.53,54445.81768548016
2003.0,Trinity,7247.18,14170.371836981232
2003.0,Tulare,361310.1,381173.1550694745
2003.0,Tuolumne,43176.43,49676.045246505506
2003.0,Ventura,972890.08,967815.369
2003.0,Yolo,201403.25,184472.9589885143
2003.0,Yuba,128904.85,126618.25250765464
2004.0,Alameda,1692478.59,1530449.6141006495
2004.0,Alpine,1940.48,2326.5345782410786
2004.0,Amador,40005.59,32359.293991135724
2004.0,Butte,227864.73,235540.98901897407
2004.0,Calaveras,48831.29,32372.627797298162
2004.0,Colusa,21234.19,15324.42597120942
2004.0,Contra Costa,1048201.57,917910.9415498041
2004.0,Del Norte,22994.68,15324.42597120942
2004.0,El Dorado,37985.31,82442.00274868165
2004.0,Fresno,877489.51,867625.665868202
2004.0,Glenn,23391.71,15324.42597120942
2004.0,Humboldt,67266.52,77090.36189286316
2004.0,Imperial,243789.32,215299.77808917168
2004.0,Inyo,13158.82,15324.42597120942
2004.0,Kern,831363.23,845661.8076804926
2004.0,Kings,109198.2,109760.53329471915
2004.0,Lake,48181.03,60841.33493230556
2004.0,Lassen,24618.68,23705.400539268863
2004.0,Los Angeles,12140163.62,12082262.542000001
2004.0,Madera,126617.9,83946.94984495162
2004.0,Marin,225028.46,219444.63452758887
2004.0,Mariposa,11581.26,15324.42597120942
2004.0,Mendocino,78924.95,71686.93166299262
2004.0,Merced,265342.11,231315.09787237685
2004.0,Modoc,2.27,2124.634104556869
2004.0,Mono,27862.46,18495.923915096657
2004.0,Monterey,447085.97,425593.0567004353
2004.0,Napa,192344.82,141435.95608679065
2004.0,Nevada,64259.42,44776.624841328485
2004.0,Orange,4196808.89,4193904.234314286
2004.0,Placer,303304.35,291907.43611327594
2004.0,Plumas,253.84,8499.916914284651
2004.0,Riverside,2293982.84,2231874.9879124546
2004.0,Sacramento,1393964.46,1300383.6154785715
2004.0,San Benito,62117.58,57812.00870735776
2004.0,San Bernardino,2235251.83,2267574.5532714287
2004.0,San Diego,4098640.55,4106584.0073142857
2004.0,San Francisco,691626.15,742642.1928855001
2004.0,San Joaquin,776938.85,720334.2242588071
2004.0,San Luis Obispo,287765.77,249210.29093987687
2004.0,San Mateo,744158.28,714124.1723957118
2004.0,Santa Barbara,559084.38,446282.18918495905
2004.0,Santa Clara,1394112.14,1380672.6717129536
2004.0,Santa Cruz,248200.17,216495.01692723046
2004.0,Shasta,188978.5,187222.57948893655
2004.0,Sierra,2387.9,2749.669441301337
2004.0,Siskiyou,21480.0,20956.469516857098
2004.0,Solano,464464.21,420243.81255883584
2004.0,Sonoma,545535.79,485624.8070011696
2004.0,Stanislaus,297695.39,279951.81430593715
2004.0,Tehama,51670.35,57493.50328548016
2004.0,Trinity,7389.0,15324.42597120942
2004.0,Tulare,384676.32,393609.9044785654
2004.0,Tuolumne,49845.23,49676.045246505506
2004.0,Ventura,1038354.71,791622.8652815254
2004.0,Yolo,211737.46,184472.9589885143
2004.0,Yuba,126818.31,124076.33484342108
2005.0,Alameda,1659523.24,1606504.041621284
2005.0,Alpine,1911.5,2326.5345782410786
2005.0,Amador,53650.79,32359.293991135724
2005.0,Butte,220515.29,235540.98901897407
2005.0,Calaveras,53195.31,32372.627797298162
2005.0,Colusa,24059.57,15324.42597120942
2005.0,Contra Costa,1086527.49,921743.533549804
2005.0,Del Norte,5759.25,13515.365421523888
2005.0,El Dorado,61386.17,87993.66237388103
2005.0,Fresno,873200.31,867625.665868202
2005.0,Glenn,23288.67,15324.42597120942
2005.0,Humboldt,80493.55,77090.36189286316
2005.0,Imperial,272995.86,218220.4320891717
2005.0,Inyo,19973.61,15324.42597120942
2005.0,Kern,859324.29,845661.8076804926
2005.0,Kings,127358.08,109760.53329471915
2005.0,Lake,50447.73,60841.33493230556
2005.0,Lassen,24382.81,23705.400539268863
2005.0,Los Angeles,13227651.14,12059397.366
2005.0,Madera,144117.73,103340.84359404541
2005.0,Marin,237145.85,219444.63452758887
2005.0,Mariposa,15567.52,15324.42597120942
2005.0,Mendocino,73069.75,71686.93166299262
2005.0,Merced,290656.37,231315.09787237685
2005.0,Mono,34241.55,18495.923915096657
2005.0,Monterey,468708.26,425593.0567004353
2005.0,Napa,178357.53,141435.95608679065
2005.0,Nevada,67255.71,44776.624841328485
2005.0,Orange,4290785.15,4212699.4863142865
2005.0,Placer,305694.06,291907.43611327594
2005.0,Plumas,147.45,8499.916914284651
2005.0,Riverside,2525910.5,2361218.6511029303
2005.0,Sacramento,1466809.2,1292230.9299785714
2005.0,San Benito,59804.25,57812.00870735776
2005.0,San Bernardino,2349002.83,2355715.9386285716
2005.0,San Diego,4181732.39,4115952.5303142862
2005.0,San Francisco,675278.4,652866.2280787787
2005.0,San Joaquin,784407.78,720334.2242588071
2005.0,San Luis Obispo,289226.93,249210.29093987687
2005.0,San Mateo,760943.5,714124.1723957118
2005.0,Santa Barbara,493219.95,440932.9450433597
2005.0,Santa Clara,1443168.33,1370799.4017629535
2005.0,Santa Cruz,242151.18,216495.01692723046
2005.0,Shasta,186569.17,187222.57948893655
2005.0,Sierra,3553.26,2749.669441301337
2005.0,Siskiyou,31496.7,26617.146186554066
2005.0,Solano,456150.6,420243.81255883584
2005.0,Sonoma,532281.19,485624.8070011696
2005.0,Stanislaus,334500.68,279951.81430593715
2005.0,Tehama,55546.41,60841.33493230556
2005.0,Trinity,7663.0,15324.42597120942
2005.0,Tulare,436935.69,407429.8881071062
2005.0,Tuolumne,49302.83,49676.045246505506
2005.0,Ventura,1077746.64,977204.2883022882
2005.0,Yolo,220110.81,184472.9589885143
2005.0,Yuba,146772.0,122072.70866881788
2006.0,Alameda,1656037.42,1632674.6884849207
2006.0,Alpine,2280.43,2326.5345782410786
2006.0,Amador,47717.35,32359.293991135724
2006.0,Butte,209180.07,229897.77654040264
2006.0,Calaveras,49476.53,47034.42384945149
2006.0,Colusa,22395.07,15324.42597120942
2006.0,Contra Costa,1000202.99,867272.2797274599
2006.0,Del Norte,4.67,13515.365421523888
2006.0,El Dorado,85060.11,94567.33626673816
2006.0,Fresno,877836.43,849042.2796845285
2006.0,Glenn,22623.12,15324.42597120942
2006.0,Humboldt,79730.56,77090.36189286316
2006.0,Imperial,279427.12,224349.6833002828
2006.0,Inyo,18596.58,15324.42597120942
2006.0,Kern,880027.39,845661.8076804926
2006.0,Kings,123428.2,109760.53329471915
2006.0,Lake,56646.47,60841.33493230556
2006.0,Lassen,25152.27,23705.400539268863
2006.0,Los Angeles,11471878.22,10358654.236000001
2006.0,Madera,160801.17,114763.39947221914
2006.0,Marin,243037.75,219444.63452758887
2006.0,Mariposa,16419.47,15324.42597120942
2006.0,Mendocino,82144.35,71686.93166299262
2006.0,Merced,278392.93,231315.09787237685
2006.0,Mono,38758.03,18495.923915096657
2006.0,Monterey,448090.95,422443.6063254353
2006.0,Napa,176033.93,141435.95608679065
2006.0,Nevada,66843.63,38973.980241328485
2006.0,Orange,3862255.02,3677465.9313333333
2006.0,Placer,310750.26,261979.8208088899
2006.0,Plumas,137.97,8499.916914284651
2006.0,Riverside,2525589.34,2396924.1539
2006.0,Sacramento,1414023.86,1236054.101
2006.0,San Benito,59444.48,57812.00870735776
2006.0,San Bernardino,2292245.48,2279647.1334380955
2006.0,San Diego,3969057.94,3987672.7176476186
2006.0,San Francisco,695573.82,652866.2280787787
2006.0,San Joaquin,785097.76,713806.3017349975
2006.0,San Luis Obispo,274419.76,249210.29093987687
2006.0,San Mateo,722542.79,703717.0002244154
2006.0,Santa Barbara,442103.02,404907.7613943913
2006.0,Santa Clara,1505661.26,1370799.4017629535
2006.0,Santa Cruz,221000.23,216495.01692723046
2006.0,Shasta,187909.09,183837.2700413559
2006.0,Sierra,3461.03,2749.669441301337
2006.0,Siskiyou,34447.03,26617.146186554066
2006.0,Solano,465661.79,420243.81255883584
2006.0,Sonoma,499060.77,458080.88813147263
2006.0,Stanislaus,379150.14,307873.6139512363
2006.0,Tehama,54648.64,60841.33493230556
2006.0,Trinity,8370.53,15324.42597120942
2006.0,Tulare,432089.02,391756.1319760623
2006.0,Tuolumne,49027.1,49676.045246505506
2006.0,Ventura,1030471.45,955300.4398022883
2006.0,Yolo,208364.11,184472.9589885143
2006.0,Yuba,139649.21,122072.70866881788
2007.0,Alameda,1551102.75,1525505.386049495
2007.0,Alpine,2503.8,2326.5345782410786
2007.0,Amador,41209.97,32359.293991135724
2007.0,Butte,216901.74,229897.77654040264
2007.0,Calaveras,49488.57,46416.45511057704
2007.0,Colusa,22833.38,15324.42597120942
2007.0,Contra Costa,918530.47,867272.2797274599
2007.0,Del Norte,3.68,13515.365421523888
2007.0,El Dorado,104112.36,94567.33626673816
2007.0,Fresno,1101638.4,875542.8513310734
2007.0,Glenn,20404.14,15324.42597120942
2007.0,Humboldt,77741.59,77090.36189286316
2007.0,Imperial,261322.34,213507.69673968927
2007.0,Inyo,18567.76,15324.42597120942
2007.0,Kern,865305.61,845661.8076804926
2007.0,Kings,120655.37,109760.53329471915
2007.0,Lake,53671.66,60841.33493230556
2007.0,Lassen,21404.4,29081.24496300789
2007.0,Los Angeles,10944053.47,10320265.382000001
2007.0,Madera,137693.46,114763.39947221914
2007.0,Marin,229271.18,219444.63452758887
2007.0,Mariposa,14151.33,15324.42597120942
2007.0,Mendocino,72550.56,71686.93166299262
2007.0,Merced,257332.11,231315.09787237685
2007.0,Mono,33536.81,18495.923915096657
2007.0,Monterey,416300.49,420581.51752543525
2007.0,Napa,153655.92,130557.69912567956
2007.0,Nevada,60370.69,44262.554241328486
2007.0,Orange,3548339.71,3614682.8693333333
2007.0,Placer,290955.72,261979.8208088899
2007.0,Plumas,623.04,8499.916914284651
2007.0,Riverside,2356738.91,2281512.7035952383
2007.0,Sacramento,1236456.41,1158720.7585285713
2007.0,San Benito,55684.12,57812.00870735776
2007.0,San Bernardino,2171711.06,1982307.3611428575
2007.0,San Diego,3730448.58,3656771.6677111103
2007.0,San Francisco,628864.02,632502.9572101617
2007.0,San Joaquin,776150.09,700174.296306426
2007.0,San Luis Obispo,263871.57,249210.29093987687
2007.0,San Mateo,677036.66,703717.0002244154
2007.0,Santa Barbara,427429.73,386818.5184524307
2007.0,Santa Clara,1417237.78,1370799.4017629535
2007.0,Santa Cruz,206971.52,211578.15737586207
2007.0,Shasta,186170.23,183837.2700413559
2007.0,Sierra,3925.29,2749.669441301337
2007.0,Siskiyou,33790.46,26949.59242464931
2007.0,Solano,421837.87,405045.7823874073
2007.0,Sonoma,445428.21,461193.2116314726
2007.0,Stanislaus,302650.81,286304.7344487943
2007.0,Tehama,48038.81,60841.33493230556
2007.0,Trinity,8060.22,15324.42597120942
2007.0,Tulare,395371.85,379016.1331757012
2007.0,Tuolumne,48453.02,49676.045246505506
2007.0,Ventura,959962.59,851159.2839208028
2007.0,Yolo,198429.53,184472.9589885143
2007.0,Yuba,145878.15,122072.70866881788
2008.0,Alameda,1337915.56,1296427.0217512664
2008.0,Alpine,2146.22,2326.5345782410786
2008.0,Amador,35694.95,32359.293991135724
2008.0,Butte,200763.27,227589.74441341855
2008.0,Calaveras,39706.27,46416.45511057704
2008.0,Colusa,23746.21,15324.42597120942
2008.0,Contra Costa,854936.55,834058.8135721462
2008.0,El Dorado,116471.87,97531.28349148564
2008.0,Fresno,859223.52,859085.7675522274
2008.0,Glenn,21188.04,15324.42597120942
2008.0,Humboldt,69300.78,77090.36189286316
2008.0,Imperial,238781.7,214814.9943860857
2008.0,Inyo,16126.6,15324.42597120942
2008.0,Kern,794911.34,845661.8076804926
2008.0,Kings,108334.92,109760.53329471915
2008.0,Lake,48804.55,60841.33493230556
2008.0,Lassen,22155.09,29081.24496300789
2008.0,Los Angeles,9926639.39,9913299.750000002
2008.0,Madera,129800.35,114763.39947221914
2008.0,Marin,210849.43,219444.63452758887
2008.0,Mariposa,12830.46,15324.42597120942
2008.0,Mendocino,65401.13,71686.93166299262
2008.0,Merced,238882.52,231315.09787237685
2008.0,Mono,28014.93,18495.923915096657
2008.0,Monterey,387386.57,425593.0567004353
2008.0,Napa,135517.62,117418.7977685367
2008.0,Nevada,56210.8,43846.565241328484
2008.0,Orange,3202870.04,3321734.211
2008.0,Placer,251583.13,241208.98233016036
2008.0,Plumas,56.41,8499.916914284651
2008.0,Riverside,2075923.75,1998434.061233333
2008.0,Sacramento,1117330.59,1066783.7238936508
2008.0,San Benito,48794.94,57812.00870735776
2008.0,San Bernardino,1943398.93,1897780.4459333334
2008.0,San Diego,3413957.15,3284346.796333333
2008.0,San Francisco,594660.37,578122.638012931
2008.0,San Joaquin,699621.14,684409.7775101298
2008.0,San Luis Obispo,236892.0,231841.73703457383
2008.0,San Mateo,655537.5,661706.1822951196
2008.0,Santa Barbara,422605.03,386818.5184524307
2008.0,Santa Clara,1363751.11,1335947.4835195325
2008.0,Santa Cruz,186303.52,211578.15737586207
2008.0,Shasta,167685.25,183837.2700413559
2008.0,Sierra,2759.0,2749.669441301337
2008.0,Siskiyou,32440.3,26949.59242464931
2008.0,Solano,388312.79,386818.5184524307
2008.0,Sonoma,400310.63,458080.88813147263
2008.0,Stanislaus,287700.06,275000.4114487943
2008.0,Tehama,44438.3,60841.33493230556
2008.0,Trinity,8016.73,15324.42597120942
2008.0,Tulare,354404.17,379016.1331757012
2008.0,Tuolumne,43291.76,49676.045246505506
2008.0,Ventura,869250.02,851159.2839208028
2008.0,Yolo,185050.31,184472.9589885143
2008.0,Yuba,136830.69,121583.12674673996
2009.0,Alameda,1246311.26,1248988.8469762665
2009.0,Alpine,1301.4,2326.5345782410786
2009.0,Amador,35134.5,32359.293991135724
2009.0,Butte,174646.05,227589.74441341855
2009.0,Calaveras,34121.28,46416.45511057704
2009.0,Colusa,20896.41,15324.42597120942
2009.0,Contra Costa,726077.11,764889.3813554487
2009.0,Del Norte,22.48,13515.365421523888
2009.0,El Dorado,96471.59,104738.0247986285
2009.0,Fresno,678890.74,819135.264118894
2009.0,Glenn,20878.98,15324.42597120942
2009.0,Humboldt,72032.76,77090.36189286316
2009.0,Imperial,206589.27,208458.8297086663
2009.0,Inyo,17607.38,15324.42597120942
2009.0,Kern,752752.16,845661.8076804926
2009.0,Kings,98501.63,109760.53329471915
2009.0,Lake,42824.32,60841.33493230556
2009.0,Lassen,20609.03,23705.400539268863
2009.0,Los Angeles,8688818.26,9192647.777
2009.0,Madera,120676.23,114763.39947221914
2009.0,Marin,179919.32,213801.42204901745
2009.0,Mariposa,11330.11,15324.42597120942
2009.0,Mendocino,52476.78,71686.93166299262
2009.0,Merced,224097.99,231315.09787237685
2009.0,Modoc,18.58,2124.634104556869
2009.0,Mono,22171.11,18495.923915096657
2009.0,Monterey,351205.0,404907.7613943913
2009.0,Napa,101233.35,117418.7977685367
2009.0,Nevada,53534.04,43505.06599132848
2009.0,Orange,2855407.1,3178901.3997190474
2009.0,Placer,223401.68,241208.98233016036
2009.0,Plumas,93.59,8441.681026172762
2009.0,Riverside,1755725.42,1796770.378377137
2009.0,Sacramento,955088.0,999025.4161936508
2009.0,San Benito,49909.49,57812.00870735776
2009.0,San Bernardino,1609726.05,1664721.388
2009.0,San Diego,3081141.78,3153229.435936111
2009.0,San Francisco,484812.04,506941.46819626435
2009.0,San Joaquin,592075.35,684409.7775101298
2009.0,San Luis Obispo,231439.04,231841.73703457383
2009.0,San Mateo,586003.27,626769.2592191708
2009.0,Santa Barbara,362935.47,386818.5184524307
2009.0,Santa Clara,1189285.92,1335947.4835195325
2009.0,Santa Cruz,168341.91,206339.7631203065
2009.0,Shasta,151137.51,183837.2700413559
2009.0,Sierra,2102.08,2749.669441301337
2009.0,Siskiyou,29197.87,26617.146186554066
2009.0,Solano,339322.32,386818.5184524307
2009.0,Sonoma,351715.35,412617.6562250623
2009.0,Stanislaus,189607.58,273435.7380464744
2009.0,Tehama,41593.54,60841.33493230556
2009.0,Trinity,7683.0,15324.42597120942
2009.0,Tulare,319190.04,379016.1331757012
2009.0,Tuolumne,40617.06,49676.045246505506
2009.0,Ventura,783285.17,851159.2839208028
2009.0,Yolo,160955.81,181883.07807674957
2009.0,Yuba,127629.07,120041.76785309194
2010.0,Alameda,1152323.9,1248988.8469762665
2010.0,Alpine,1190.93,2326.5345782410786
2010.0,Amador,32010.01,32359.293991135724
2010.0,Butte,184965.59,227589.74441341855
2010.0,Calaveras,36446.62,46416.45511057704
2010.0,Colusa,22462.21,15324.42597120942
2010.0,Contra Costa,718862.2,737196.8571221154
2010.0,Del Norte,112.47,13515.365421523888
2010.0,El Dorado,87374.28,101774.07757388102
2010.0,Fresno,684548.02,859085.7675522274
2010.0,Glenn,19708.39,15324.42597120942
2010.0,Humboldt,64615.59,77090.36189286316
2010.0,Imperial,242204.21,208458.8297086663
2010.0,Inyo,24661.15,15324.42597120942
2010.0,Kern,753447.27,845661.8076804926
2010.0,Kings,96728.43,110270.48880265567
2010.0,Lake,41147.98,66483.21422807199
2010.0,Lassen,19887.42,23705.400539268863
2010.0,Los Angeles,8264268.73,10072512.129500002
2010.0,Madera,118507.7,114763.39947221914
2010.0,Marin,180106.09,219444.63452758887
2010.0,Mariposa,12009.73,15324.42597120942
2010.0,Mendocino,48519.59,71686.93166299262
2010.0,Merced,212516.51,228227.4833382499
2010.0,Mono,20649.36,18495.923915096657
2010.0,Monterey,344983.14,392167.7625940301
2010.0,Napa,114851.1,123386.39753937002
2010.0,Nevada,53225.73,43505.06599132848
2010.0,Orange,2803813.17,3094795.0365999998
2010.0,Placer,218358.1,259193.4530877361
2010.0,Plumas,36.27,8441.681026172762
2010.0,Riverside,1782985.78,1814067.2842342793
2010.0,Sacramento,954053.07,1049956.1326722223
2010.0,San Benito,52729.01,57812.00870735776
2010.0,San Bernardino,1591512.22,1578645.8738333336
2010.0,San Diego,2987483.79,3077956.084102778
2010.0,San Francisco,455331.84,501426.7546962643
2010.0,San Joaquin,601819.62,684409.7775101298
2010.0,San Luis Obispo,226987.06,231841.73703457383
2010.0,San Mateo,557625.81,626769.2592191708
2010.0,Santa Barbara,339739.77,386818.5184524307
2010.0,Santa Clara,1170683.29,1335947.4835195325
2010.0,Santa Cruz,169540.46,206339.7631203065
2010.0,Shasta,147126.52,183837.2700413559
2010.0,Sierra,2559.0,2749.669441301337
2010.0,Siskiyou,29321.42,26617.146186554066
2010.0,Solano,327992.23,386818.5184524307
2010.0,Sonoma,362763.18,382713.626996491
2010.0,Stanislaus,217738.02,244975.683478953
2010.0,Tehama,67376.14,60841.33493230556
2010.0,Trinity,7383.6,15324.42597120942
2010.0,Tulare,311870.94,385778.0660205288
2010.0,Tuolumne,40055.71,48545.50515900551
2010.0,Ventura,778313.49,944277.2000186003
2010.0,Yolo,159845.53,181883.07807674957
2010.0,Yuba,127258.24,120041.76785309194
2011.0,Alameda,1090342.95,1248988.8469762665
2011.0,Alpine,1356.18,2326.5345782410786
2011.0,Amador,30471.43,32359.293991135724
2011.0,Butte,186185.5,227589.74441341855
2011.0,Calaveras,35423.59,46416.45511057704
2011.0,Colusa,21237.98,15324.42597120942
2011.0,Contra Costa,673905.37,737196.8571221154
2011.0,Del Norte,23.51,13515.365421523888
2011.0,El Dorado,91100.75,101774.07757388102
2011.0,Fresno,677032.37,819135.264118894
2011.0,Glenn,18770.37,15324.42597120942
2011.0,Humboldt,62924.24,77090.36189286316
2011.0,Imperial,213687.88,208458.8297086663
2011.0,Inyo,25627.42,15324.42597120942
2011.0,Kern,757014.43,845661.8076804926
2011.0,Kings,101081.8,109760.53329471915
2011.0,Lake,40844.84,71686.93166299262
2011.0,Lassen,19815.53,23705.400539268863
2011.0,Los Angeles,8233623.28,8565110.136500001
2011.0,Madera,111497.17,114763.39947221914
2011.0,Marin,174514.28,219444.63452758887
2011.0,Mariposa,13129.64,15324.42597120942
2011.0,Mendocino,50934.01,71686.93166299262
2011.0,Merced,209846.95,226398.23832100848
2011.0,Modoc,15.19,3758.139911964275
2011.0,Mono,21420.69,18495.923915096657
2011.0,Monterey,326933.83,392167.7625940301
2011.0,Napa,106196.24,123386.39753937002
2011.0,Nevada,50581.11,43505.06599132848
2011.0,Orange,2719237.41,2907960.7693250002
2011.0,Placer,211007.34,251388.67733016034
2011.0,Plumas,157.98,8441.681026172762
2011.0,Riverside,1747413.67,1804311.300650946
2011.0,Sacramento,991936.12,1042959.1271222222
2011.0,San Benito,52459.01,57812.00870735776
2011.0,San Bernardino,1555110.15,1563602.4355000001
2011.0,San Diego,3045133.39,3077956.084102778
2011.0,San Francisco,446634.73,500557.0436962644
2011.0,San Joaquin,596701.01,674915.4601767964
2011.0,San Luis Obispo,228975.65,231841.73703457383
2011.0,San Mateo,518257.97,626769.2592191708
2011.0,Santa Barbara,329227.2,386818.5184524307
2011.0,Santa Clara,1126235.41,1335947.4835195325
2011.0,Santa Cruz,164883.37,206339.7631203065
2011.0,Shasta,153079.06,183837.2700413559
2011.0,Sierra,2122.53,2749.669441301337
2011.0,Siskiyou,29548.55,26617.146186554066
2011.0,Solano,312759.52,386818.5184524307
2011.0,Sonoma,326937.19,321207.20466819295
2011.0,Stanislaus,207355.0,244975.683478953
2011.0,Tehama,204634.17,60841.33493230556
2011.0,Trinity,7741.88,15324.42597120942
2011.0,Tulare,311982.44,385778.0660205288
2011.0,Tuolumne,37695.26,48545.50515900551
2011.0,Ventura,769624.5,984256.3476900287
2011.0,Yolo,148232.59,181883.07807674957
2011.0,Yuba,128421.59,120041.76785309194
2012.0,Alameda,1147859.1,1248988.8469762665
2012.0,Alpine,1268.69,2326.5345782410786
2012.0,Amador,27455.56,32359.293991135724
2012.0,Butte,196630.71,233138.26333008526
2012.0,Calaveras,32695.09,46416.45511057704
2012.0,Colusa,22037.04,15324.42597120942
2012.0,Contra Costa,667929.88,737196.8571221154
2012.0,Del Norte,79.7,13515.365421523888
2012.0,El Dorado,91232.53,101774.07757388102
2012.0,Fresno,654835.82,779693.5776882165
2012.0,Glenn,19116.67,15324.42597120942
2012.0,Humboldt,58629.6,77090.36189286316
2012.0,Imperial,178914.89,195071.14521488323
2012.0,Inyo,20397.11,15324.42597120942
2012.0,Kern,777434.08,845661.8076804926
2012.0,Kings,94750.33,109760.53329471915
2012.0,Lake,35627.91,66483.21422807199
2012.0,Lassen,17978.85,21094.5698529694
2012.0,Los Angeles,8141712.49,8204063.510000001
2012.0,Madera,117353.94,114763.39947221914
2012.0,Marin,180704.22,214527.7749762205
2012.0,Mariposa,11362.37,15324.42597120942
2012.0,Mendocino,51224.14,71686.93166299262
2012.0,Merced,201860.63,226398.23832100848
2012.0,Modoc,107.91,3758.139911964275
2012.0,Mono,21364.37,18495.923915096657
2012.0,Monterey,326003.19,392167.7625940301
2012.0,Napa,99518.12,123386.39753937002
2012.0,Nevada,33834.64,38973.980241328485
2012.0,Orange,2695717.76,2805090.3676999994
2012.0,Placer,208360.03,241208.98233016036
2012.0,Plumas,140.87,8441.681026172762
2012.0,Riverside,1744578.5,1827263.2827065017
2012.0,Sacramento,957194.03,992525.5811936508
2012.0,San Benito,55803.38,57812.00870735776
2012.0,San Bernardino,1492333.67,1514999.586
2012.0,San Diego,2875287.88,3091551.9875357146
2012.0,San Francisco,454570.16,501426.7546962643
2012.0,San Joaquin,580940.63,669230.5744219839
2012.0,San Luis Obispo,215344.52,237811.96976604723
2012.0,San Mateo,530811.86,626769.2592191708
2012.0,Santa Barbara,335185.84,386818.5184524307
2012.0,Santa Clara,1108511.62,1335947.4835195325
2012.0,Santa Cruz,163579.27,206339.7631203065
2012.0,Shasta,145029.86,186563.4152318321
2012.0,Sierra,2136.47,2749.669441301337
2012.0,Siskiyou,28318.43,24123.46375798264
2012.0,Solano,307847.84,386818.5184524307
2012.0,Sonoma,307763.99,317041.17608485965
2012.0,Stanislaus,214240.84,248661.08947895296
2012.0,Tehama,41905.92,60841.33493230556
2012.0,Trinity,7473.19,15324.42597120942
2012.0,Tulare,307910.38,385778.0660205288
2012.0,Tuolumne,35480.65,48545.50515900551
2012.0,Ventura,774173.26,840477.6611588979
2012.0,Yolo,152387.1,181883.07807674957
2012.0,Yuba,125012.45,120041.76785309194
2013.0,Alameda,1143318.37,1248988.8469762665
2013.0,Alpine,1239.15,2326.5345782410786
2013.0,Amador,28787.17,32359.293991135724
2013.0,Butte,175327.17,211162.58598599923
2013.0,Calaveras,32025.87,46416.45511057704
2013.0,Colusa,17464.65,15324.42597120942
2013.0,Contra Costa,672004.34,737196.8571221154
2013.0,Del Norte,169.07,13515.365421523888
2013.0,El Dorado,94553.21,101774.07757388102
2013.0,Fresno,689001.35,782226.9470882164
2013.0,Glenn,20682.58,15324.42597120942
2013.0,Humboldt,58983.29,77090.36189286316
2013.0,Imperial,204137.64,195071.14521488323
2013.0,Inyo,19426.51,15324.42597120942
2013.0,Kern,759117.23,845661.8076804926
2013.0,Kings,81871.38,109760.53329471915
2013.0,Lake,38644.11,66483.21422807199
2013.0,Lassen,18116.18,21094.5698529694
2013.0,Los Angeles,8266414.53,8290437.945
2013.0,Madera,114475.64,114763.39947221914
2013.0,Marin,184470.54,214527.7749762205
2013.0,Mariposa,15418.69,15324.42597120942
2013.0,Mendocino,56428.99,71686.93166299262
2013.0,Merced,207821.74,226398.23832100848
2013.0,Modoc,17.14,3758.139911964275
2013.0,Mono,19781.73,18495.923915096657
2013.0,Monterey,339611.11,392167.7625940301
2013.0,Napa,106555.83,126983.14575365574
2013.0,Nevada,4416.24,38973.980241328485
2013.0,Orange,2757702.88,2906103.296652381
2013.0,Placer,223489.86,241208.98233016036
2013.0,Plumas,217.58,8441.681026172762
2013.0,Riverside,1843028.07,1804311.300650946
2013.0,Sacramento,1043908.12,1227033.4772714288
2013.0,San Benito,54190.84,58592.893710529
2013.0,San Bernardino,1571158.05,1573575.6530000002
2013.0,San Diego,3007350.6,3066283.0745194443
2013.0,San Francisco,476423.83,506941.46819626435
2013.0,San Joaquin,614665.98,695737.0544693373
2013.0,San Luis Obispo,234917.78,237811.96976604723
2013.0,San Mateo,543722.63,637176.431390467
2013.0,Santa Barbara,362229.03,386818.5184524307
2013.0,Santa Clara,1133189.22,1335947.4835195325
2013.0,Santa Cruz,161813.83,206339.7631203065
2013.0,Shasta,163217.23,215946.33712426698
2013.0,Sierra,2461.0,2749.669441301337
2013.0,Siskiyou,26778.62,26617.146186554066
2013.0,Solano,323276.45,386818.5184524307
2013.0,Sonoma,322066.71,348409.78723421023
2013.0,Stanislaus,226461.64,252023.62547895298
2013.0,Tehama,45324.38,60841.33493230556
2013.0,Trinity,8294.18,15324.42597120942
2013.0,Tulare,314520.55,385778.0660205288
2013.0,Tuolumne,37167.14,48545.50515900551
2013.0,Ventura,793453.88,840477.6611588979
2013.0,Yolo,156528.51,186585.68743828806
2013.0,Yuba,129117.49,120041.76785309194
2014.0,Alameda,1106585.54,1207395.6008875077
2014.0,Alpine,1061.34,2326.5345782410786
2014.0,Amador,27624.29,32359.293991135724
2014.0,Butte,177142.17,211162.58598599923
2014.0,Calaveras,31741.23,48469.21384217877
2014.0,Colusa,20434.8,15324.42597120942
2014.0,Contra Costa,686132.71,737196.8571221154
2014.0,Del Norte,118.9,15324.42597120942
2014.0,El Dorado,97785.72,102521.87072539618
2014.0,Fresno,718490.89,806280.6955167878
2014.0,Glenn,20236.34,15324.42597120942
2014.0,Humboldt,54381.8,77090.36189286316
2014.0,Imperial,186888.14,195071.14521488323
2014.0,Inyo,16994.08,15324.42597120942
2014.0,Kern,787137.62,845661.8076804926
2014.0,Kings,95219.91,109760.53329471915
2014.0,Lake,37416.9,66483.21422807199
2014.0,Lassen,19859.51,21094.5698529694
2014.0,Los Angeles,8506648.68,8597624.319
2014.0,Madera,110732.89,122794.11173015568
2014.0,Marin,177022.31,214527.7749762205
2014.0,Mariposa,12486.86,15324.42597120942
2014.0,Mendocino,55097.79,71686.93166299262
2014.0,Merced,234381.52,223842.64037656406
2014.0,Modoc,4.23,3758.139911964275
2014.0,Mono,18770.43,18495.923915096657
2014.0,Monterey,348283.01,401003.7793940301
2014.0,Napa,120497.74,134475.6524854565
2014.0,Nevada,6054.23,38973.980241328485
2014.0,Orange,2893518.08,2934090.6530999998
2014.0,Placer,227722.65,243867.58183016037
2014.0,Plumas,367.28,8441.681026172762
2014.0,Riverside,1897263.69,1910937.5340238097
2014.0,Sacramento,1056532.55,1194168.572595671
2014.0,San Benito,50505.18,58592.893710529
2014.0,San Bernardino,1589490.38,1549125.944
2014.0,San Diego,3131969.45,3160579.159611111
2014.0,San Francisco,529474.27,557538.1713129311
2014.0,San Joaquin,639175.86,754882.8745795215
2014.0,San Luis Obispo,243378.01,257818.15829768736
2014.0,San Mateo,550663.05,637176.431390467
2014.0,Santa Barbara,353131.21,393580.4512972583
2014.0,Santa Clara,1244464.37,1335947.4835195325
2014.0,Santa Cruz,171722.01,210582.7370532814
2014.0,Shasta,155573.8,219331.64657184767
2014.0,Sierra,2907.29,2749.669441301337
2014.0,Siskiyou,22660.44,24123.46375798264
2014.0,Solano,331940.8,386818.5184524307
2014.0,Sonoma,326267.14,517253.21042591706
2014.0,Stanislaus,243275.64,271592.24367980775
2014.0,Tehama,47692.02,60841.33493230556
2014.0,Trinity,7515.39,15324.42597120942
2014.0,Tulare,330722.3,385778.0660205288
2014.0,Tuolumne,35498.64,48545.50515900551
2014.0,Ventura,804930.55,840477.6611588979
2014.0,Yolo,170524.89,189030.51724598036
2014.0,Yuba,137785.73,120041.76785309194
2015.0,Alameda,1130785.92,1209815.6388875078
2015.0,Alpine,909.33,2326.5345782410786
2015.0,Amador,31240.35,32359.293991135724
2015.0,Butte,181432.62,211162.58598599923
2015.0,Calaveras,57038.54,48469.21384217877
2015.0,Colusa,20587.23,15324.42597120942
2015.0,Contra Costa,719149.18,737196.8571221154
2015.0,Del Norte,47.33,15324.42597120942
2015.0,El Dorado,91685.93,102521.87072539618
2015.0,Fresno,765405.56,843189.0125474654
2015.0,Glenn,20038.12,15324.42597120942
2015.0,Humboldt,61044.27,77090.36189286316
2015.0,Imperial,174754.22,195071.14521488323
2015.0,Inyo,16816.15,15324.42597120942
2015.0,Kern,858872.99,845661.8076804926
2015.0,Kings,95858.73,109760.53329471915
2015.0,Lake,189645.23,71686.93166299262
2015.0,Lassen,20780.86,21094.5698529694
2015.0,Los Angeles,9050134.96,9144277.743
2015.0,Madera,122948.37,122794.11173015568
2015.0,Marin,188106.43,214527.7749762205
2015.0,Mariposa,12084.0,15324.42597120942
2015.0,Mendocino,65688.07,71686.93166299262
2015.0,Merced,233899.07,229469.59916311377
2015.0,Modoc,2.4,2124.634104556869
2015.0,Mono,22026.03,18495.923915096657
2015.0,Monterey,365031.05,401003.7793940301
2015.0,Napa,124258.7,128896.60654101206
2015.0,Nevada,7813.22,38973.980241328485
2015.0,Orange,3013489.3,3019443.951202381
2015.0,Placer,244973.64,252012.00599682704
2015.0,Plumas,740.39,8542.658776172762
2015.0,Riverside,2037162.81,2103487.7633999996
2015.0,Sacramento,1121085.93,1229232.537381987
2015.0,San Benito,72448.88,58592.893710529
2015.0,San Bernardino,1670832.88,1792439.4578777775
2015.0,San Diego,3296372.52,3295186.002833334
2015.0,San Francisco,590100.0,596032.3543879311
2015.0,San Joaquin,684297.79,691363.1630367758
2015.0,San Luis Obispo,255724.73,268894.6571310207
2015.0,San Mateo,583989.7,637176.431390467
2015.0,Santa Barbara,388220.85,398929.6954388578
2015.0,Santa Clara,1335115.88,1335947.4835195325
2015.0,Santa Cruz,191746.24,210582.7370532814
2015.0,Shasta,164822.98,219331.64657184767
2015.0,Sierra,2244.39,2749.669441301337
2015.0,Siskiyou,101.15,19871.01685019043
2015.0,Solano,351731.47,386818.5184524307
2015.0,Sonoma,388362.5,566839.5798759169
2015.0,Stanislaus,308928.95,260270.35647895298
2015.0,Tehama,50252.25,60841.33493230556
2015.0,Trinity,9529.34,15324.42597120942
2015.0,Tulare,345785.53,385778.0660205288
2015.0,Tuolumne,37022.26,48545.50515900551
2015.0,Ventura,851242.59,840477.6611588979
2015.0,Yolo,169242.78,208099.68980093233
2015.0,Yuba,129424.37,120041.76785309194
2016.0,Alameda,1188438.89,1230341.717952024
2016.0,Alpine,750.57,2326.5345782410786
2016.0,Amador,31807.79,32359.293991135724
2016.0,Butte,196732.68,211162.58598599923
2016.0,Calaveras,142755.94,46416.45511057704
2016.0,Colusa,23515.26,15324.42597120942
2016.0,Contra Costa,767644.05,760747.7455625916
2016.0,Del Norte,73.44,15324.42597120942
2016.0,El Dorado,109932.55,104378.47747539617
2016.0,Fresno,835765.63,880714.8788216294
2016.0,Glenn,21724.37,15324.42597120942
2016.0,Humboldt,72498.15,77090.36189286316
2016.0,Imperial,215913.1,195071.14521488323
2016.0,Inyo,19636.89,15324.42597120942
2016.0,Kern,938463.36,859734.3743388259
2016.0,Kings,100253.25,109760.53329471915
2016.0,Lake,133316.01,66483.21422807199
2016.0,Lassen,19875.82,21094.5698529694
2016.0,Los Angeles,9625184.38,9583479.087000001
2016.0,Madera,138479.25,122794.11173015568
2016.0,Marin,223071.2,214527.7749762205
2016.0,Mariposa,14394.18,15324.42597120942
2016.0,Mendocino,62372.16,71686.93166299262
2016.0,Merced,249437.25,235439.83189458717
2016.0,Modoc,5.26,2124.634104556869
2016.0,Mono,22223.79,18495.923915096657
2016.0,Monterey,406045.04,407765.7122388577
2016.0,Napa,129346.34,128896.60654101206
2016.0,Nevada,4353.64,38973.980241328485
2016.0,Orange,3087161.18,3107946.441708334
2016.0,Placer,266427.85,260653.94905730285
2016.0,Plumas,173.77,8441.681026172762
2016.0,Riverside,2158648.41,2124877.8129000003
2016.0,Sacramento,1205624.42,1245404.1673819872
2016.0,San Benito,74475.25,60982.77017206747
2016.0,San Bernardino,1728326.52,1865373.5993063492
2016.0,San Diego,3317215.85,3258815.2925000004
2016.0,San Francisco,600231.49,597045.503387931
2016.0,San Joaquin,746048.6,720568.6561988043
2016.0,San Luis Obispo,299713.14,279901.23022236687
2016.0,San Mateo,597070.92,637176.431390467
2016.0,Santa Barbara,415705.68,398929.6954388578
2016.0,Santa Clara,1366218.25,1345820.7534695326
2016.0,Santa Cruz,210993.77,210582.7370532814
2016.0,Shasta,177336.64,187222.57948893655
2016.0,Sierra,2674.81,2749.669441301337
2016.0,Siskiyou,335.36,19871.01685019043
2016.0,Solano,430608.57,386818.5184524307
2016.0,Sonoma,427352.92,657892.9305469695
2016.0,Stanislaus,340413.58,307497.70199230773
2016.0,Tehama,61476.21,60841.33493230556
2016.0,Trinity,9751.49,15324.42597120942
2016.0,Tulare,374898.1,394281.3253538621
2016.0,Tuolumne,42223.46,48545.50515900551
2016.0,Ventura,866500.73,911323.8123022883
2016.0,Yolo,178641.2,211650.7124599102
2016.0,Yuba,135728.66,123869.84285309193
2017.0,Alameda,1381330.35,1321538.0218095998
2017.0,Alpine,386.71,2326.5345782410786
2017.0,Amador,37132.06,32359.293991135724
2017.0,Butte,223223.53,213325.7954550852
2017.0,Calaveras,37393.33,44981.665117849756
2017.0,Colusa,24597.39,15324.42597120942
2017.0,Contra Costa,801279.7,819562.9213816393
2017.0,Del Norte,193.98,13515.365421523888
2017.0,El Dorado,101875.61,108236.49466442938
2017.0,Fresno,854067.62,872569.8274576186
2017.0,Glenn,19998.98,15324.42597120942
2017.0,Humboldt,65795.21,77090.36189286316
2017.0,Imperial,172875.44,204126.0065233628
2017.0,Inyo,20815.9,15324.42597120942
2017.0,Kern,985249.96,902554.0443855096
2017.0,Kings,107610.53,109760.53329471915
2017.0,Lake,98386.84,60841.33493230556
2017.0,Lassen,21098.71,21094.5698529694
2017.0,Los Angeles,10170204.87,9974739.584999999
2017.0,Madera,136635.62,122794.11173015568
2017.0,Marin,231661.88,214527.7749762205
2017.0,Mariposa,34559.43,15324.42597120942
2017.0,Mendocino,91985.27,71686.93166299262
2017.0,Merced,268648.65,238432.7528668094
2017.0,Modoc,18.29,2124.634104556869
2017.0,Mono,23814.65,18495.923915096657
2017.0,Monterey,445145.77,407765.7122388577
2017.0,Napa,188270.06,128896.60654101206
2017.0,Nevada,19861.38,40211.62324132848
2017.0,Orange,3262162.12,3268678.6855833335
2017.0,Placer,291106.66,255871.70955730285
2017.0,Plumas,263.56,8441.681026172762
2017.0,Riverside,2322650.95,2318291.0714
2017.0,Sacramento,1359861.76,1679088.3830000001
2017.0,San Benito,80251.56,62900.643850638895
2017.0,San Bernardino,1850456.16,1864322.4003599207
2017.0,San Diego,3424269.04,3451990.5306666666
2017.0,San Francisco,626997.05,620872.176287931
2017.0,San Joaquin,824601.15,845661.8076804926
2017.0,San Luis Obispo,310405.29,288587.0948132759
2017.0,San Mateo,612396.85,637176.431390467
2017.0,Santa Barbara,417420.87,398929.6954388578
2017.0,Santa Clara,1475585.74,1335947.4835195325
2017.0,Santa Cruz,213359.01,210582.7370532814
2017.0,Shasta,197638.43,186563.4152318321
2017.0,Sierra,1288.07,2749.669441301337
2017.0,Siskiyou,305.48,22364.69927876186
2017.0,Solano,472685.59,393580.4512972583
2017.0,Sonoma,948776.88,588319.8011491451
2017.0,Stanislaus,336099.58,353268.9503333334
2017.0,Tehama,61808.91,60841.33493230556
2017.0,Trinity,28012.22,15324.42597120942
2017.0,Tulare,439237.04,394281.3253538621
2017.0,Tuolumne,45119.88,48545.50515900551
2017.0,Ventura,922012.68,840477.6611588979
2017.0,Yolo,188960.55,211650.7124599102
2017.0,Yuba,171346.24,142392.3815756654
2018.0,Alameda,1342490.34,1321538.0218095998
2018.0,Alpine,566.91,2326.5345782410786
2018.0,Amador,37919.99,32359.293991135724
2018.0,Butte,206845.92,211162.58598599923
2018.0,Calaveras,39863.54,44981.665117849756
2018.0,Colusa,23694.38,15324.42597120942
2018.0,Contra Costa,875888.03,819562.9213816393
2018.0,Del Norte,203.33,15324.42597120942
2018.0,El Dorado,121330.43,112022.69612301522
2018.0,Fresno,879889.39,857703.7861242853
2018.0,Glenn,22908.18,15324.42597120942
2018.0,Humboldt,27242.27,77090.36189286316
2018.0,Imperial,152344.85,204126.0065233628
2018.0,Inyo,20887.42,15324.42597120942
2018.0,Kern,1036037.57,902554.0443855096
2018.0,Kings,108805.04,109760.53329471915
2018.0,Lake,92765.92,66483.21422807199
2018.0,Lassen,20759.04,21094.5698529694
2018.0,Los Angeles,10417283.86,10048863.281999998
2018.0,Madera,143714.94,128024.71299408139
2018.0,Marin,250465.71,214527.7749762205
2018.0,Mariposa,13706.04,15324.42597120942
2018.0,Mendocino,122166.7,71686.93166299262
2018.0,Merced,264643.71,284551.1557223668
2018.0,Modoc,60.61,2124.634104556869
2018.0,Mono,23082.11,18495.923915096657
2018.0,Monterey,454561.78,407765.7122388577
2018.0,Napa,231472.15,139061.4990062898
2018.0,Nevada,6487.96,38973.980241328485
2018.0,Orange,3351214.16,3271140.990452381
2018.0,Placer,303921.17,256920.49772222224
2018.0,Plumas,261.0,8542.658776172762
2018.0,Riverside,2442097.02,2412837.352
2018.0,Sacramento,1362828.22,1317082.7517750745
2018.0,San Benito,86457.14,62900.643850638895
2018.0,San Bernardino,1938900.18,1886741.3035027776
2018.0,San Diego,3548653.61,3464428.9876666665
2018.0,San Francisco,739690.89,670564.0567545976
2018.0,San Joaquin,903737.21,845661.8076804926
2018.0,San Luis Obispo,290200.69,288587.0948132759
2018.0,San Mateo,598840.14,637176.431390467
2018.0,Santa Barbara,455075.02,398929.6954388578
2018.0,Santa Clara,1513136.01,1335947.4835195325
2018.0,Santa Cruz,225452.04,210582.7370532814
2018.0,Shasta,623720.2,270597.46148229734
2018.0,Siskiyou,3439.56,19871.01685019043
2018.0,Solano,442008.48,393580.4512972583
2018.0,Sonoma,1245678.97,920375.1
2018.0,Stanislaus,391722.74,365415.87700000004
2018.0,Tehama,59132.46,60841.33493230556
2018.0,Trinity,7633.0,15324.42597120942
2018.0,Tulare,423906.9,394281.3253538621
2018.0,Tuolumne,45826.26,48545.50515900551
2018.0,Ventura,1195379.71,1024527.1871186004
2018.0,Yolo,195258.12,211650.7124599102
2018.0,Yuba,153207.89,140390.2735756654
2019.0,Alameda,1465263.51,1359722.5620416573
2019.0,Alpine,566.18,2326.5345782410786
2019.0,Amador,35768.39,32359.293991135724
2019.0,Butte,1818063.23,395345.6574475455
2019.0,Calaveras,35660.9,44981.665117849756
2019.0,Colusa,23744.31,15324.42597120942
2019.0,Contra Costa,794518.98,819562.9213816393
2019.0,Del Norte,88.71,15324.42597120942
2019.0,El Dorado,121490.25,114615.7305977627
2019.0,Fresno,964982.11,885166.3386242852
2019.0,Glenn,81573.78,37325.92315567728
2019.0,Humboldt,23039.6,77090.36189286316
2019.0,Imperial,135092.23,183023.968495585
2019.0,Inyo,18035.53,15324.42597120942
2019.0,Kern,1086243.73,902554.0443855096
2019.0,Kings,115397.98,110270.48880265567
2019.0,Lake,53244.27,60841.33493230556
2019.0,Lassen,22338.23,21094.5698529694
2019.0,Los Angeles,11141950.72,11065613.848000001
2019.0,Madera,158630.22,149448.37842490437
2019.0,Marin,241254.45,214527.7749762205
2019.0,Mariposa,27390.23,15324.42597120942
2019.0,Mendocino,48914.65,71686.93166299262
2019.0,Merced,277454.07,288587.0948132759
2019.0,Modoc,11537.13,3758.139911964275
2019.0,Mono,27669.37,18495.923915096657
2019.0,Monterey,516537.48,407765.7122388577
2019.0,Napa,180694.75,134475.6524854565
2019.0,Nevada,9022.35,38973.980241328485
2019.0,Orange,3373309.25,3292693.4250416667
2019.0,Placer,281556.39,254427.8317222222
2019.0,Plumas,173.99,8441.681026172762
2019.0,Riverside,2515629.02,2369160.176
2019.0,Sacramento,1406241.62,1317082.7517750745
2019.0,San Benito,88184.37,62900.643850638895
2019.0,San Bernardino,1978070.48,1890658.333502778
2019.0,San Diego,3200806.27,3235395.2365
2019.0,San Francisco,713009.58,663625.3807545976
2019.0,San Joaquin,880241.79,845661.8076804926
2019.0,San Luis Obispo,288432.48,288587.0948132759
2019.0,San Mateo,623371.35,637176.431390467
2019.0,Santa Barbara,435073.91,398929.6954388578
2019.0,Santa Clara,1452222.43,1335947.4835195325
2019.0,Santa Cruz,234708.67,210582.7370532814
2019.0,Shasta,200160.07,189948.72467941276
2019.0,Sierra,15.34,2749.669441301337
2019.0,Siskiyou,951.74,19871.01685019043
2019.0,Solano,437553.11,393580.4512972583
2019.0,Sonoma,472841.01,517253.21042591706
2019.0,Stanislaus,365579.18,360815.79500000004
2019.0,Tehama,66278.44,66483.21422807199
2019.0,Trinity,8752.43,15324.42597120942
2019.0,Tulare,446633.6,394281.3253538621
2019.0,Tuolumne,46559.93,48545.50515900551
2019.0,Ventura,1003051.31,890947.1713022884
2019.0,Yolo,192255.23,211650.7124599102
2019.0,Yuba,169463.51,142015.8355756654
